lottery,position,year,asOf,profit,baseProfit,roi,days,dominant,dominance,switches,maxDD,unobservedDays
"หวยธกส","สองบน","2024","2024-12-16","296","296","49.00662251655629","12","Top+Mid","45.45454545454545","5","-100","339"
"หวยธกส","สองบน","2025","2025-12-16","-138","162","-25.650557620817843","12","Top+Mid","36.36363636363637","3","-148","338"
"หวยธกส","สองบน","2026","2026-08-16","-242","58","-54.75113122171946","9","Top+Mid","42.857142857142854","2","-295","219"
"หวยธกส","สองล่าง","2024","2024-12-16","-136","-36","-25.37313432835821","12","Top+Bottom","63.63636363636363","5","-172","339"
"หวยธกส","สองล่าง","2025","2025-12-16","190","90","37.254901960784316","12","Top","72.72727272727273","3","-146","338"
"หวยธกส","สองล่าง","2026","2026-08-16","-251","-51","-55.654101995565405","9","Bottom","71.42857142857143","3","-251","219"
"หวยประชาชนลาว","สองบน","2024","2024-12-31","181","-119","2.6938532519720195","122","Bottom","50","3","-307","0"
"หวยประชาชนลาว","สองบน","2025","2025-12-31","805","1705","4.215763288819063","364","Top+Bottom","58.333333333333336","6","-650","1"
"หวยประชาชนลาว","สองบน","2026","2026-09-12","-436","-1136","-3.1285878300803676","253","Top","37.5","5","-801","2"
"หวยประชาชนลาว","สองล่าง","2024","2024-12-31","-1140","460","-17.16867469879518","122","Mid","25","3","-1392","0"
"หวยประชาชนลาว","สองล่าง","2025","2025-12-31","-386","714","-2.1461136439452906","364","Mid","50","7","-1076","1"
"หวยประชาชนลาว","สองล่าง","2026","2026-09-12","549","149","3.9924369136790054","253","Top+Mid+Bottom","37.5","6","-458","2"
"หวยมาเลย์","สองบน","2024","2024-12-31","912","-488","11.561866125760648","163","Top+Mid","25","7","-372","203"
"หวยมาเลย์","สองบน","2025","2025-12-31","260","60","3.27455919395466","160","Bottom","58.333333333333336","6","-821","205"
"หวยมาเลย์","สองบน","2026","2026-09-12","-652","48","-10.105393676379418","112","Mid","50","3","-876","143"
"หวยมาเลย์","สองล่าง","2024","2024-12-31","-70","-1270","-0.8264462809917356","163","Top+Mid","33.33333333333333","5","-549","203"
"หวยมาเลย์","สองล่าง","2025","2025-12-31","-863","-63","-9.961906960637194","157","Mid","25","7","-1240","208"
"หวยมาเลย์","สองล่าง","2026","2026-09-12","197","-703","3.2279206947402916","112","Top","50","4","-600","143"
"หวยยูโร","สองบน","2024","2024-12-31","1431","1931","8.905345696683055","306","Top","60","2","-802","0"
"หวยยูโร","สองบน","2025","2025-12-31","-1236","-236","-6.668105308588693","348","Top+Bottom","25","5","-1370","17"
"หวยยูโร","สองบน","2026","2026-09-11","-1814","-1414","-13.727864386257","244","Bottom","62.5","4","-2009","10"
"หวยยูโร","สองล่าง","2024","2024-12-31","-1198","-998","-7.631545419798701","306","Bottom","80","3","-1674","0"
"หวยยูโร","สองล่าง","2025","2025-12-31","439","439","2.5581259833343046","348","Top+Bottom","33.33333333333333","6","-731","17"
"หวยยูโร","สองล่าง","2026","2026-09-11","-990","110","-7.3935772964899185","244","Top","37.5","7","-1251","10"
"หวยลาว Extra","สองบน","2024","2024-12-31","-268","2232","-1.342147435897436","366","Top","41.66666666666667","5","-1384","0"
"หวยลาว Extra","สองบน","2025","2025-12-31","535","135","2.777056838826888","357","Top+Bottom","33.33333333333333","9","-653","8"
"หวยลาว Extra","สองบน","2026","2026-09-12","46","-354","0.3368976124212685","255","Top+Bottom","62.5","1","-908","0"
"หวยลาว Extra","สองล่าง","2024","2024-12-31","-934","-134","-4.709085408893818","366","Bottom","41.66666666666667","6","-1709","0"
"หวยลาว Extra","สองล่าง","2025","2025-12-31","-945","555","-5.479849231661351","357","Mid","58.333333333333336","3","-1491","8"
"หวยลาว Extra","สองล่าง","2026","2026-09-12","1301","601","9.098538359325827","255","Top","62.5","2","-545","0"
"หวยลาว HD","สองบน","2024","2024-12-31","-485","715","-2.5956649719025955","366","Top","41.66666666666667","6","-1041","0"
"หวยลาว HD","สองบน","2025","2025-12-31","225","825","1.2587412587412588","364","Top+Bottom","33.33333333333333","6","-1457","1"
"หวยลาว HD","สองบน","2026","2026-09-12","-199","-99","-1.644764030085131","254","Mid+Bottom","62.5","2","-982","1"
"หวยลาว HD","สองล่าง","2024","2024-12-31","22","1422","0.11123470522803114","366","Top+Bottom","33.33333333333333","5","-1279","0"
"หวยลาว HD","สองล่าง","2025","2025-12-31","-501","1299","-2.492413312770509","364","Bottom","33.33333333333333","9","-1076","1"
"หวยลาว HD","สองล่าง","2026","2026-09-12","-453","-153","-3.2007348265385436","254","Top","75","2","-1022","1"
"หวยลาว VIP","สองบน","2024","2024-12-31","98","1198","0.4875136802308228","366","Top","58.333333333333336","4","-989","0"
"หวยลาว VIP","สองบน","2025","2025-12-31","285","1085","1.4455997971088004","365","Top","58.333333333333336","4","-1391","0"
"หวยลาว VIP","สองบน","2026","2026-09-12","727","-173","5.129471530374656","255","Top","50","2","-612","0"
"หวยลาว VIP","สองล่าง","2024","2024-12-31","534","934","2.6612179806638094","366","Top+Mid","33.33333333333333","6","-753","0"
"หวยลาว VIP","สองล่าง","2025","2025-12-31","-455","445","-2.4924678170364283","365","Top","58.333333333333336","5","-1698","0"
"หวยลาว VIP","สองล่าง","2026","2026-09-10","-1429","-929","-10.259171512671406","253","Bottom","37.5","5","-2319","0"
"หวยลาว VISA","สองบน","2025","2025-12-31","-477","223","-13.718723037100949","61","Top+Mid","100","0","-564","4"
"หวยลาว VISA","สองบน","2026","2026-09-12","374","74","2.7247559376366017","255","Top+Bottom","37.5","6","-483","0"
"หวยลาว VISA","สองล่าง","2025","2025-12-31","-268","-268","-8.200734394124847","61","Bottom","50","1","-394","4"
"หวยลาว VISA","สองล่าง","2026","2026-09-12","-1219","-1219","-8.513164327117815","255","Mid","37.5","3","-1581","0"
"หวยลาวกาชาด","สองบน","2024","2024-12-31","-79","-579","-0.4206826774588637","366","Top","58.333333333333336","2","-1604","0"
"หวยลาวกาชาด","สองบน","2025","2025-12-31","401","1401","2.099586365778313","365","Mid","41.66666666666667","5","-592","0"
"หวยลาวกาชาด","สองบน","2026","2026-09-11","681","481","5.037354833937421","254","Top","62.5","4","-695","0"
"หวยลาวกาชาด","สองล่าง","2024","2024-12-31","-814","-114","-4.087576579290951","366","Top+Bottom","66.66666666666666","3","-1877","0"
"หวยลาวกาชาด","สองล่าง","2025","2025-12-31","-1513","-1713","-8.353116546127092","365","Top+Mid","41.66666666666667","7","-1806","0"
"หวยลาวกาชาด","สองล่าง","2026","2026-09-11","-633","-733","-4.783495805939697","254","Top","37.5","5","-1134","0"
"หวยลาวก้าวหน้า","สองบน","2025","2025-12-31","932","1032","13.002232142857142","122","Top+Bottom","100","0","-231","0"
"หวยลาวก้าวหน้า","สองบน","2026","2026-09-12","-615","985","-4.17940876656473","255","Top+Bottom","37.5","2","-1113","0"
"หวยลาวก้าวหน้า","สองล่าง","2025","2025-12-31","-990","-1090","-13.580246913580247","122","Top+Bottom","50","3","-1190","0"
"หวยลาวก้าวหน้า","สองล่าง","2026","2026-09-12","-175","325","-1.1608623548922055","255","Mid","87.5","1","-960","0"
"หวยลาวเจริญ","สองบน","2025","2025-12-31","83","-317","1.235670686318297","122","Top+Bottom","50","2","-844","0"
"หวยลาวเจริญ","สองบน","2026","2026-09-12","520","320","4.4520547945205475","255","Top+Mid","75","1","-780","0"
"หวยลาวเจริญ","สองล่าง","2025","2025-12-31","-259","441","-3.567984570877531","122","Top+Mid","100","0","-468","0"
"หวยลาวเจริญ","สองล่าง","2026","2026-09-12","-955","-455","-6.794734969761651","255","Top+Mid+Bottom","62.5","3","-1749","0"
"หวยลาวชนะ","สองบน","2024","2024-12-29","-137","163","-2.474264041899946","94","Top+Mid","50","2","-488","113"
"หวยลาวชนะ","สองบน","2025","2025-05-21","-145","-45","-17.159763313609467","16","Top+Mid","66.66666666666666","1","-192","124"
"หวยลาวชนะ","สองล่าง","2024","2024-12-29","799","-101","14.265309766113193","94","Top","100","0","-180","113"
"หวยลาวชนะ","สองล่าง","2025","2025-05-21","432","432","49.76958525345622","16","Top","100","0","-63","124"
"หวยลาวเช้า","สองบน","2026","2026-09-12","-306","-6","-2.184777952306155","255","Bottom","37.5","4","-1040","0"
"หวยลาวเช้า","สองล่าง","2026","2026-09-12","-157","1043","-1.166679051794605","255","Top+Bottom","50","4","-1126","0"
"หวยลาวซุปเปอร์","สองบน","2024","2024-12-31","-860","-260","-8.548707753479125","183","Top","66.66666666666666","1","-1275","1"
"หวยลาวซุปเปอร์","สองบน","2025","2025-12-31","-1692","808","-8.297371518242448","365","Top+Mid","50","6","-1856","0"
"หวยลาวซุปเปอร์","สองบน","2026","2026-09-12","-2491","-1491","-17.189979987578496","255","Mid","50","5","-2773","0"
"หวยลาวซุปเปอร์","สองล่าง","2024","2024-12-31","544","544","5.51948051948052","183","Bottom","83.33333333333334","2","-715","1"
"หวยลาวซุปเปอร์","สองล่าง","2025","2025-12-31","-2050","-1650","-10.594315245478036","365","Top","41.66666666666667","9","-2180","0"
"หวยลาวซุปเปอร์","สองล่าง","2026","2026-09-12","473","473","3.6309203961004064","255","Top+Bottom","37.5","3","-700","0"
"หวยลาวตอนเช้า","สองบน","2025","2025-12-31","330","430","11.498257839721255","61","Bottom","50","1","-164","12"
"หวยลาวตอนเช้า","สองบน","2026","2026-09-12","46","246","0.3578652559514548","251","Top+Bottom","25","5","-901","4"
"หวยลาวตอนเช้า","สองล่าง","2025","2025-12-31","-628","-428","-18.870192307692307","61","Mid","50","1","-700","12"
"หวยลาวตอนเช้า","สองล่าง","2026","2026-09-12","320","-280","2.4096385542168677","251","Top","62.5","4","-513","4"
"หวยลาวทีวี","สองบน","2024","2024-12-31","-2741","-1541","-12.783918660510238","366","Bottom","33.33333333333333","6","-2892","0"
"หวยลาวทีวี","สองบน","2025","2025-12-31","-644","956","-3.0602547044288158","365","Bottom","66.66666666666666","7","-1092","0"
"หวยลาวทีวี","สองบน","2026","2026-09-12","133","-67","0.9803198938601018","255","Mid+Bottom","50","4","-911","0"
"หวยลาวทีวี","สองล่าง","2024","2024-12-31","1178","878","5.854288838087665","366","Top+Mid+Bottom","33.33333333333333","4","-828","0"
"หวยลาวทีวี","สองล่าง","2025","2025-12-31","-1094","1106","-5.235952905140231","365","Top+Bottom","41.66666666666667","2","-1812","0"
"หวยลาวทีวี","สองล่าง","2026","2026-09-12","4","1404","0.02817695125387433","255","Top+Mid","87.5","1","-932","0"
"หวยลาวนครหลวง","สองบน","2025","2025-12-31","565","-235","7.918710581639804","153","Top+Mid","60","1","-476","0"
"หวยลาวนครหลวง","สองบน","2026","2026-09-12","-635","-1035","-4.72646073688128","255","Top","37.5","3","-1098","0"
"หวยลาวนครหลวง","สองล่าง","2025","2025-12-31","-88","-388","-1.1597258829731154","153","Top+Bottom","40","3","-764","0"
"หวยลาวนครหลวง","สองล่าง","2026","2026-09-12","-347","-247","-2.5059579692352134","255","Top","62.5","3","-1249","0"
"หวยลาวนิยม","สองบน","2025","2025-12-31","531","431","7.96221322537112","122","Mid+Bottom","50","2","-260","0"
"หวยลาวนิยม","สองบน","2026","2026-09-12","18","-882","0.13450904199671201","255","Top+Mid+Bottom","37.5","3","-741","0"
"หวยลาวนิยม","สองล่าง","2025","2025-12-31","-1241","-141","-17.625337310041186","122","Mid","75","1","-1489","0"
"หวยลาวนิยม","สองล่าง","2026","2026-09-12","-1830","-1330","-13.043478260869565","255","Top","62.5","3","-2260","0"
"หวยลาวประตูชัย","สองบน","2024","2024-12-31","-326","-326","-5.321580150179563","122","Bottom","75","1","-535","0"
"หวยลาวประตูชัย","สองบน","2025","2025-12-31","1267","2067","6.140648475742743","365","Top+Mid+Bottom","66.66666666666666","3","-615","0"
"หวยลาวประตูชัย","สองบน","2026","2026-09-12","1062","762","7.902961750260455","255","Mid","62.5","3","-462","0"
"หวยลาวประตูชัย","สองล่าง","2024","2024-12-31","-572","-672","-8.446544595392794","122","Mid","50","2","-780","0"
"หวยลาวประตูชัย","สองล่าง","2025","2025-12-31","1068","968","5.126728110599078","365","Top","66.66666666666666","4","-629","0"
"หวยลาวประตูชัย","สองล่าง","2026","2026-09-12","-250","-1150","-1.9455252918287937","255","Bottom","62.5","2","-972","0"
"หวยลาวพลัส","สองบน","2026","2026-08-19","-270","330","-17.197452229299362","29","Top+Mid","100","0","-396","32"
"หวยลาวพลัส","สองล่าง","2026","2026-08-19","-83","-83","-5.243209096651927","29","Top","100","0","-304","32"
"หวยลาวพัฒนา","สองบน","2024","2024-12-30","-517","-817","-7.065737324039907","151","Top","81.81818181818183","2","-699","214"
"หวยลาวพัฒนา","สองบน","2025","2025-12-31","88","1088","1.0338345864661653","150","Bottom","58.333333333333336","3","-808","215"
"หวยลาวพัฒนา","สองบน","2026","2026-08-21","-1299","501","-18.82881577040151","135","Top","85.71428571428571","2","-1379","98"
"หวยลาวพัฒนา","สองล่าง","2024","2024-12-30","-1746","-1146","-19.737734569296858","151","Mid","36.36363636363637","5","-1906","214"
"หวยลาวพัฒนา","สองล่าง","2025","2025-12-31","-542","-842","-6.656841070989929","150","Top","33.33333333333333","7","-832","215"
"หวยลาวพัฒนา","สองล่าง","2026","2026-08-21","-421","-821","-6.263948817140307","135","Top","71.42857142857143","3","-693","98"
"หวยลาวพัฒนาเช้า","สองบน","2024","2024-12-31","-1208","-1108","-8.103031929165548","306","Top","30","5","-1353","0"
"หวยลาวพัฒนาเช้า","สองบน","2025","2025-12-31","-1280","1420","-6.779661016949152","363","Mid","33.33333333333333","10","-1825","2"
"หวยลาวพัฒนาเช้า","สองบน","2026","2026-09-12","23","-677","0.18888067668555475","255","Bottom","50","4","-649","0"
"หวยลาวพัฒนาเช้า","สองล่าง","2024","2024-12-31","403","1003","2.3992379591593735","306","Top+Bottom","30","6","-656","0"
"หวยลาวพัฒนาเช้า","สองล่าง","2025","2025-12-31","-2469","-669","-12.747173318188858","363","Bottom","33.33333333333333","8","-2516","2"
"หวยลาวพัฒนาเช้า","สองล่าง","2026","2026-09-12","-285","15","-2.067464635473341","255","Bottom","37.5","5","-934","0"
"หวยลาวพัฒนาเช้า VIP","สองบน","2025","2025-12-31","-87","13","-1.103081019399011","151","Top+Mid","40","3","-739","14"
"หวยลาวพัฒนาเช้า VIP","สองบน","2026","2026-09-12","-797","503","-6.428974751956118","255","Bottom","62.5","5","-1530","0"
"หวยลาวพัฒนาเช้า VIP","สองล่าง","2025","2025-12-31","232","-68","2.9116465863453818","151","Top+Bottom","60","2","-546","14"
"หวยลาวพัฒนาเช้า VIP","สองล่าง","2026","2026-09-12","-713","287","-4.91283676703645","255","Top","50","4","-1356","0"
"หวยลาวพัฒนาเที่ยง","สองบน","2025","2025-12-31","716","616","10.712148414123279","121","Top+Bottom","75","1","-646","13"
"หวยลาวพัฒนาเที่ยง","สองบน","2026","2026-09-12","438","38","3.405380189706111","254","Top+Bottom","37.5","3","-644","1"
"หวยลาวพัฒนาเที่ยง","สองล่าง","2025","2025-12-31","23","823","0.33938320790910437","121","Top+Mid","50","2","-642","13"
"หวยลาวพัฒนาเที่ยง","สองล่าง","2026","2026-09-12","371","-329","2.7221366204417055","254","Top+Mid","62.5","1","-729","1"
"หวยลาวพิเศษ","สองบน","2025","2025-12-31","-338","-338","-9.553420011305823","61","Top+Mid","100","0","-492","5"
"หวยลาวพิเศษ","สองบน","2026","2026-09-12","763","263","5.852573444810923","255","Top+Mid+Bottom","62.5","4","-435","0"
"หวยลาวพิเศษ","สองล่าง","2025","2025-12-31","229","329","7.221696625670136","61","Mid+Bottom","50","1","-277","5"
"หวยลาวพิเศษ","สองล่าง","2026","2026-09-12","463","2463","3.4977713983531014","255","Mid","37.5","4","-877","0"
"หวยลาวพิเศษรอบเที่ยง","สองบน","2025","2025-12-31","-1229","-429","-9.151835579715542","262","Bottom","55.55555555555556","4","-1699","13"
"หวยลาวพิเศษรอบเที่ยง","สองบน","2026","2026-09-12","874","1074","6.60819597761984","253","Top","62.5","4","-704","2"
"หวยลาวพิเศษรอบเที่ยง","สองล่าง","2025","2025-12-31","67","867","0.4610197481593615","262","Mid","44.44444444444444","4","-1263","13"
"หวยลาวพิเศษรอบเที่ยง","สองล่าง","2026","2026-09-12","-610","-10","-4.876099120703437","253","Top+Bottom","62.5","4","-795","2"
"หวยลาวมงคล","สองบน","2025","2025-12-31","-434","-434","-6.350599941469125","122","Mid+Bottom","50","2","-839","0"
"หวยลาวมงคล","สองบน","2026","2026-09-12","-460","-660","-3.18118948824343","255","Mid+Bottom","37.5","6","-1087","0"
"หวยลาวมงคล","สองล่าง","2025","2025-12-31","-599","1","-8.320600083344909","122","Top","50","2","-821","0"
"หวยลาวมงคล","สองล่าง","2026","2026-09-12","-313","287","-2.113008843583339","255","Top","50","2","-724","0"
"หวยลาวมั่งคั่ง","สองบน","2025","2025-12-31","144","-156","2.2304832713754648","122","Top","50","1","-468","2"
"หวยลาวมั่งคั่ง","สองบน","2026","2026-09-12","-62","338","-0.46055563809240824","255","Top+Mid","50","1","-956","0"
"หวยลาวมั่งคั่ง","สองล่าง","2025","2025-12-31","-105","-5","-1.477832512315271","122","Mid","75","1","-608","2"
"หวยลาวมั่งคั่ง","สองล่าง","2026","2026-09-12","-979","1021","-7.263150085317902","255","Top","50","2","-1190","0"
"หวยลาวมั่นคง","สองบน","2025","2025-12-31","310","10","4.434907010014307","122","Mid","75","1","-600","0"
"หวยลาวมั่นคง","สองบน","2026","2026-09-12","-423","-323","-3.0164729373172645","255","Top","25","3","-508","0"
"หวยลาวมั่นคง","สองล่าง","2025","2025-12-31","202","602","2.8063350930814113","122","Top","100","0","-391","0"
"หวยลาวมั่นคง","สองล่าง","2026","2026-09-12","-897","1103","-6.021346579848292","255","Top+Mid","75","2","-1331","0"
"หวยลาวร่ำรวย","สองบน","2025","2025-12-31","-120","1480","-1.8404907975460123","122","Top+Mid+Bottom","50","3","-634","0"
"หวยลาวร่ำรวย","สองบน","2026","2026-09-12","183","2183","1.3639412685399122","255","Top+Mid","50","1","-912","0"
"หวยลาวร่ำรวย","สองล่าง","2025","2025-12-31","-86","314","-1.2310334955625537","122","Top+Mid","50","1","-536","0"
"หวยลาวร่ำรวย","สองล่าง","2026","2026-09-12","-777","-577","-5.722913751196877","255","Top+Bottom","75","1","-1305","0"
"หวยลาวรุ่งเรือง","สองบน","2024","2024-12-31","132","832","1.7675415104445635","153","Mid+Bottom","40","3","-681","2"
"หวยลาวรุ่งเรือง","สองบน","2025","2025-12-31","-48","1352","-0.2616088947024199","363","Top+Mid+Bottom","50","7","-856","2"
"หวยลาวรุ่งเรือง","สองบน","2026","2026-09-11","-1121","-621","-8.290806892981289","254","Top","50","3","-1445","0"
"หวยลาวรุ่งเรือง","สองล่าง","2024","2024-12-31","591","-409","7.568190549366117","153","Top+Mid","40","3","-738","2"
"หวยลาวรุ่งเรือง","สองล่าง","2025","2025-12-31","117","-483","0.594421582075903","363","Mid","33.33333333333333","7","-1135","2"
"หวยลาวรุ่งเรือง","สองล่าง","2026","2026-09-11","-436","-436","-3.344584228290887","254","Top+Mid+Bottom","37.5","6","-1134","0"
"หวยลาววังเวียง","สองบน","2024","2024-12-31","-361","-561","-4.216797103142157","153","Top+Mid","60","3","-941","2"
"หวยลาววังเวียง","สองบน","2025","2025-12-31","1912","1712","9.470972855161481","365","Top","50","2","-471","0"
"หวยลาววังเวียง","สองบน","2026","2026-09-11","-2077","423","-16.12953327638425","230","Mid","37.5","4","-2439","24"
"หวยลาววังเวียง","สองล่าง","2024","2024-12-31","-909","-1309","-10.80984659293614","153","Top","60","2","-1188","2"
"หวยลาววังเวียง","สองล่าง","2025","2025-12-31","-558","-558","-2.958956411072224","365","Top","25","4","-1664","0"
"หวยลาววังเวียง","สองล่าง","2026","2026-09-11","464","64","3.85510136257893","230","Top+Mid","62.5","4","-644","24"
"หวยลาววิลล่า","สองบน","2024","2024-12-31","-298","202","-4.258359531294656","150","Mid","40","3","-599","12"
"หวยลาววิลล่า","สองบน","2025","2025-12-31","304","1204","1.4978320851399292","358","Top+Bottom","41.66666666666667","8","-1265","7"
"หวยลาววิลล่า","สองบน","2026","2026-09-12","-143","557","-1.1973540986351838","255","Top+Mid+Bottom","50","4","-668","0"
"หวยลาววิลล่า","สองล่าง","2024","2024-12-31","-159","341","-2.3181221752442047","150","Mid+Bottom","40","3","-555","12"
"หวยลาววิลล่า","สองล่าง","2025","2025-12-31","-316","-216","-1.6883949561872194","358","Bottom","41.66666666666667","8","-1571","7"
"หวยลาววิลล่า","สองล่าง","2026","2026-09-12","967","1667","7.307488853623517","255","Bottom","75","1","-643","0"
"หวยลาวสตาร์","สองบน","2024","2024-12-31","2116","216","11.447738584721922","366","Top","41.66666666666667","4","-552","0"
"หวยลาวสตาร์","สองบน","2025","2025-12-31","-39","1361","-0.22110096944271215","364","Top","58.333333333333336","7","-676","1"
"หวยลาวสตาร์","สองบน","2026","2026-09-12","462","262","3.438011608870368","255","Bottom","75","3","-712","0"
"หวยลาวสตาร์","สองล่าง","2024","2024-12-31","-1493","7","-7.90239771343884","366","Top+Mid","33.33333333333333","6","-2612","0"
"หวยลาวสตาร์","สองล่าง","2025","2025-12-31","-775","-775","-3.730445246690734","364","Mid","58.333333333333336","5","-1573","1"
"หวยลาวสตาร์","สองล่าง","2026","2026-09-12","1478","1478","11.617670177645024","255","Top+Bottom","50","4","-593","0"
"หวยลาวสตาร์ VIP","สองบน","2024","2024-12-31","-992","-1092","-5.168820341809087","365","Top","41.66666666666667","7","-1324","1"
"หวยลาวสตาร์ VIP","สองบน","2025","2025-12-31","533","1033","2.616978445524623","365","Top+Bottom","50","4","-866","0"
"หวยลาวสตาร์ VIP","สองบน","2026","2026-09-11","-1390","-390","-9.727081875437369","254","Top+Mid","37.5","4","-1710","0"
"หวยลาวสตาร์ VIP","สองล่าง","2024","2024-12-31","1138","2038","6.335597372230264","365","Top+Bottom","50","6","-1040","1"
"หวยลาวสตาร์ VIP","สองล่าง","2025","2025-12-31","-1120","-520","-5.737704918032787","365","Mid","41.66666666666667","8","-1302","0"
"หวยลาวสตาร์ VIP","สองล่าง","2026","2026-09-11","-42","558","-0.3056323679231553","254","Top+Mid","62.5","4","-955","0"
"หวยลาวสบายดี","สองบน","2025","2025-12-31","480","1480","6.557377049180328","122","Top+Mid","100","0","-720","0"
"หวยลาวสบายดี","สองบน","2026","2026-09-12","-2034","-234","-14.59738768479977","255","Top+Mid","37.5","6","-2194","0"
"หวยลาวสบายดี","สองล่าง","2025","2025-12-31","-430","1470","-5.94744121715076","122","Top+Mid","75","1","-770","0"
"หวยลาวสบายดี","สองล่าง","2026","2026-09-12","-900","900","-6.338028169014084","255","Top","62.5","4","-1272","0"
"หวยลาวสันติภาพ","สองบน","2024","2024-12-31","188","188","3.3499643620812543","122","Top","75","1","-788","0"
"หวยลาวสันติภาพ","สองบน","2025","2025-12-31","-18","1782","-0.10045764036164749","365","Top+Mid","66.66666666666666","1","-610","0"
"หวยลาวสันติภาพ","สองบน","2026","2026-09-12","-420","-320","-2.8925619834710745","255","Top","50","6","-888","0"
"หวยลาวสันติภาพ","สองล่าง","2024","2024-12-31","-202","-102","-3.5426166257453526","122","Top+Mid","25","3","-428","0"
"หวยลาวสันติภาพ","สองล่าง","2025","2025-12-31","465","1865","2.2425850012056907","365","Top+Bottom","25","8","-1383","0"
"หวยลาวสันติภาพ","สองล่าง","2026","2026-09-12","-159","41","-1.099661110726883","255","Top","37.5","6","-667","0"
"หวยลาวสามัคคี","สองบน","2024","2024-12-31","-207","-807","-0.9807172975790023","366","Top+Bottom","50","5","-690","0"
"หวยลาวสามัคคี","สองบน","2025","2025-12-31","-58","-1158","-0.2950452741886255","365","Mid","58.333333333333336","4","-970","0"
"หวยลาวสามัคคี","สองบน","2026","2026-09-12","22","122","0.156272197755363","255","Top+Mid","50","3","-1130","0"
"หวยลาวสามัคคี","สองล่าง","2024","2024-12-31","-1200","-900","-5.970149253731343","366","Top","41.66666666666667","6","-1447","0"
"หวยลาวสามัคคี","สองล่าง","2025","2025-12-31","210","510","1.1738401341531581","365","Top","33.33333333333333","5","-757","0"
"หวยลาวสามัคคี","สองล่าง","2026","2026-09-12","-714","386","-5.322797077680036","255","Top+Mid","50","2","-1251","0"
"หวยลาวสามัคคี VIP","สองบน","2024","2024-12-31","374","-226","1.9056353816366045","366","Top","58.333333333333336","4","-830","0"
"หวยลาวสามัคคี VIP","สองบน","2025","2025-12-31","1029","429","5.257779367431404","365","Top","50","5","-998","0"
"หวยลาวสามัคคี VIP","สองบน","2026","2026-09-11","-672","528","-5.3452115812917596","254","Mid","50","3","-1412","0"
"หวยลาวสามัคคี VIP","สองล่าง","2024","2024-12-31","1352","-548","7.060789638604555","366","Bottom","41.66666666666667","7","-382","0"
"หวยลาวสามัคคี VIP","สองล่าง","2025","2025-12-31","75","575","0.3963011889035667","365","Mid","75","4","-1199","0"
"หวยลาวสามัคคี VIP","สองล่าง","2026","2026-09-11","-267","333","-1.953610887539328","254","Top+Bottom","25","5","-979","0"
"หวยลาวอาเซียน","สองบน","2024","2024-12-31","-622","-722","-3.2191284546113237","365","Top","41.66666666666667","5","-998","1"
"หวยลาวอาเซียน","สองบน","2025","2025-12-31","-1147","-1347","-6.02194571323568","365","Top+Bottom","33.33333333333333","4","-1439","0"
"หวยลาวอาเซียน","สองบน","2026","2026-09-11","491","191","3.634613961062995","253","Top+Mid","37.5","6","-472","1"
"หวยลาวอาเซียน","สองล่าง","2024","2024-12-31","-985","-1085","-5.328644847173384","365","Top+Mid","25","7","-1976","1"
"หวยลาวอาเซียน","สองล่าง","2025","2025-12-31","634","134","3.6719564461948337","365","Bottom","33.33333333333333","6","-796","0"
"หวยลาวอาเซียน","สองล่าง","2026","2026-09-11","638","-762","4.847287646254369","253","Bottom","50","3","-548","1"
"หวยลาวไอยรา","สองบน","2025","2025-12-31","-694","-94","-7.982516678168852","153","Top","60","2","-879","0"
"หวยลาวไอยรา","สองบน","2026","2026-09-11","259","559","1.8848700967906264","254","Top+Mid","37.5","4","-788","0"
"หวยลาวไอยรา","สองล่าง","2025","2025-12-31","508","1508","6.1263868789194404","153","Top","60","2","-380","0"
"หวยลาวไอยรา","สองล่าง","2026","2026-09-11","-901","399","-6.528512426635751","254","Top","50","7","-1178","0"
"หวยเวียงจันทน์ VISA","สองบน","2025","2025-12-31","661","561","18.67759254026561","61","Mid+Bottom","100","0","-150","4"
"หวยเวียงจันทน์ VISA","สองบน","2026","2026-09-12","132","-368","0.9801009801009801","255","Mid+Bottom","50","3","-893","0"
"หวยเวียงจันทน์ VISA","สองล่าง","2025","2025-12-31","-330","470","-9.90990990990991","61","Top+Mid","50","1","-561","4"
"หวยเวียงจันทน์ VISA","สองล่าง","2026","2026-09-12","948","-452","7.100059916117435","255","Top","50","2","-484","0"
"หวยเวียดนาม VIP ออนไลน์","สองบน","2024","2024-12-31","37","137","0.760847213654123","114","Top+Mid","75","2","-573","8"
"หวยเวียดนาม VIP ออนไลน์","สองบน","2025","2025-12-31","408","2408","2.1370207416719045","343","Top","50","5","-1091","22"
"หวยเวียดนาม VIP ออนไลน์","สองบน","2026","2026-09-12","100","1900","0.6944444444444444","242","Top","62.5","2","-810","13"
"หวยเวียดนาม VIP ออนไลน์","สองล่าง","2024","2024-12-31","-682","-782","-10.05603066941905","114","Top","50","3","-1008","8"
"หวยเวียดนาม VIP ออนไลน์","สองล่าง","2025","2025-12-31","-1050","2150","-5.454545454545454","343","Mid","25","5","-1422","22"
"หวยเวียดนาม VIP ออนไลน์","สองล่าง","2026","2026-09-12","-1429","-129","-10.113950031849388","242","Top","50","4","-1449","13"
"หวยเวียดนามปกติ ออนไลน์","สองบน","2024","2024-12-31","-954","1046","-18.87613771270281","115","Top+Bottom","50","1","-1254","8"
"หวยเวียดนามปกติ ออนไลน์","สองบน","2025","2025-12-31","1826","3726","9.28128494459693","348","Top","100","0","-888","17"
"หวยเวียดนามปกติ ออนไลน์","สองบน","2026","2026-09-12","627","827","4.5523851012851235","246","Top","100","0","-552","9"
"หวยเวียดนามปกติ ออนไลน์","สองล่าง","2024","2024-12-31","-951","-1651","-15.980507477734834","115","Top+Bottom","75","1","-1031","8"
"หวยเวียดนามปกติ ออนไลน์","สองล่าง","2025","2025-12-31","-143","1257","-0.7548962677506202","348","Top","33.33333333333333","4","-1152","17"
"หวยเวียดนามปกติ ออนไลน์","สองล่าง","2026","2026-09-12","-2164","-1164","-14.961283185840706","246","Top+Bottom","37.5","4","-2296","9"
"หวยสาละวัน VISA","สองบน","2025","2025-12-31","-455","145","-17.13747645951036","61","Bottom","50","1","-667","4"
"หวยสาละวัน VISA","สองบน","2026","2026-09-12","78","-322","0.5854976730220687","255","Mid+Bottom","75","2","-1040","0"
"หวยสาละวัน VISA","สองล่าง","2025","2025-12-31","-66","134","-2.020820575627679","61","Top+Mid","100","0","-273","4"
"หวยสาละวัน VISA","สองล่าง","2026","2026-09-12","456","-544","3.5781544256120528","255","Top+Mid","50","5","-1088","0"
"หวยหลวงพระบาง VISA","สองบน","2025","2025-12-31","-60","-160","-1.639344262295082","61","Top+Mid","100","0","-380","4"
"หวยหลวงพระบาง VISA","สองบน","2026","2026-09-12","355","755","2.601685599120557","255","Mid","37.5","2","-650","0"
"หวยหลวงพระบาง VISA","สองล่าง","2025","2025-12-31","-643","-743","-18.675573627650305","61","Mid+Bottom","50","1","-740","4"
"หวยหลวงพระบาง VISA","สองล่าง","2026","2026-09-12","514","1014","3.572918114833866","255","Top","62.5","4","-567","0"
"หวยออมสิน","สองบน","2024","2024-12-30","29","-271","6.1571125265392785","8","Top","100","0","-114","344"
"หวยออมสิน","สองบน","2025","2025-12-30","-181","-81","-14.1295862607338","24","Top+Bottom","72.72727272727273","5","-293","340"
"หวยออมสิน","สองบน","2026","2026-08-16","-125","75","-17.24137931034483","15","Bottom","28.57142857142857","3","-296","213"
"หวยออมสิน","สองล่าง","2024","2024-12-30","-44","-44","-12.790697674418606","8","Top","75","1","-178","344"
"หวยออมสิน","สองล่าง","2025","2025-12-30","71","171","6.288751107174491","24","Bottom","54.54545454545454","3","-144","340"
"หวยออมสิน","สองล่าง","2026","2026-08-16","185","185","22.699386503067483","15","Mid+Bottom","85.71428571428571","1","-159","213"
"หวยฮ่องกง VISA","สองบน","2025","2025-12-31","-350","350","-10.144927536231885","61","Top","100","0","-513","4"
"หวยฮ่องกง VISA","สองบน","2026","2026-09-12","-588","112","-4.144347335776713","255","Top","75","3","-1154","0"
"หวยฮ่องกง VISA","สองล่าง","2025","2025-12-31","88","388","2.5791324736225087","61","Top","50","1","-552","4"
"หวยฮ่องกง VISA","สองล่าง","2026","2026-09-12","630","-1070","4.857363145720894","255","Mid+Bottom","62.5","2","-658","0"
"หวยฮานอย 4D","สองบน","2024","2024-12-31","756","856","4.741595584545911","306","Top","60","3","-540","0"
"หวยฮานอย 4D","สองบน","2025","2025-12-31","-944","-244","-4.57275721759349","365","Top","25","7","-1529","0"
"หวยฮานอย 4D","สองบน","2026","2026-09-11","-431","469","-3.1619103514048863","254","Top+Mid+Bottom","62.5","1","-1030","0"
"หวยฮานอย 4D","สองล่าง","2024","2024-12-31","1343","1343","8.312186668317139","306","Top+Mid","60","3","-661","0"
"หวยฮานอย 4D","สองล่าง","2025","2025-12-31","-486","14","-2.4940983270040027","365","Top+Mid","66.66666666666666","7","-1512","0"
"หวยฮานอย 4D","สองล่าง","2026","2026-09-11","-220","180","-1.5804597701149428","254","Bottom","62.5","3","-850","0"
"หวยฮานอย Extra","สองบน","2024","2024-12-31","-177","1723","-0.8995273669766733","366","Mid","58.333333333333336","4","-1522","0"
"หวยฮานอย Extra","สองบน","2025","2025-12-31","1640","840","7.677902621722846","365","Mid","58.333333333333336","2","-706","0"
"หวยฮานอย Extra","สองบน","2026","2026-09-11","1513","1013","10.740398949385959","254","Top+Bottom","50","5","-641","0"
"หวยฮานอย Extra","สองล่าง","2024","2024-12-31","1001","1701","5.030403537866224","366","Top","50","8","-999","0"
"หวยฮานอย Extra","สองล่าง","2025","2025-12-31","13","-387","0.06671114076050699","365","Mid","75","3","-1284","0"
"หวยฮานอย Extra","สองล่าง","2026","2026-09-11","-51","-651","-0.3655651924593219","254","Mid","37.5","2","-783","0"
"หวยฮานอย HD","สองบน","2024","2024-12-31","-291","1509","-1.4853759379306826","366","Top","41.66666666666667","5","-1193","0"
"หวยฮานอย HD","สองบน","2025","2025-12-31","-302","1898","-1.5174354336247613","365","Top","50","4","-1692","0"
"หวยฮานอย HD","สองบน","2026","2026-09-12","403","803","2.8999064546304956","255","Top+Mid","62.5","4","-520","0"
"หวยฮานอย HD","สองล่าง","2024","2024-12-31","910","810","4.895104895104895","366","Top+Bottom","75","2","-743","0"
"หวยฮานอย HD","สองล่าง","2025","2025-12-31","-444","-644","-2.295285359801489","365","Mid","33.33333333333333","7","-1350","0"
"หวยฮานอย HD","สองล่าง","2026","2026-09-12","20","-1280","0.14306151645207438","255","Top+Mid","37.5","6","-520","0"
"หวยฮานอย VIP","สองบน","2024","2024-12-31","-883","317","-4.627155059477022","362","Top","58.333333333333336","4","-1667","4"
"หวยฮานอย VIP","สองบน","2025","2025-12-31","-279","321","-1.4177549672239442","361","Top+Mid","50","4","-816","4"
"หวยฮานอย VIP","สองบน","2026","2026-09-12","-871","-871","-6.613013438615139","251","Mid","62.5","4","-1250","4"
"หวยฮานอย VIP","สองล่าง","2024","2024-12-31","459","1459","2.449175604290059","362","Top+Mid+Bottom","41.66666666666667","3","-689","4"
"หวยฮานอย VIP","สองล่าง","2025","2025-12-31","-1099","401","-5.578963399157318","361","Top","50","4","-1672","4"
"หวยฮานอย VIP","สองล่าง","2026","2026-09-12","-1718","-918","-13.29927233317851","251","Top","37.5","6","-1996","4"
"หวยฮานอย VISA","สองบน","2025","2025-12-31","400","800","11.11111111111111","61","Top+Bottom","100","0","-314","5"
"หวยฮานอย VISA","สองบน","2026","2026-09-12","831","1531","6.079449850025606","255","Top+Mid+Bottom","37.5","4","-546","0"
"หวยฮานอย VISA","สองล่าง","2025","2025-12-31","-645","-645","-18.722786647314948","61","Bottom","100","0","-680","5"
"หวยฮานอย VISA","สองล่าง","2026","2026-09-12","-205","395","-1.564288439526898","255","Top+Bottom","25","4","-1371","0"
"หวยฮานอยกาชาด","สองบน","2024","2024-12-31","815","715","4.457205359584359","366","Bottom","50","5","-909","0"
"หวยฮานอยกาชาด","สองบน","2025","2025-12-31","244","-1256","1.2940178192617735","365","Mid+Bottom","58.333333333333336","6","-906","0"
"หวยฮานอยกาชาด","สองบน","2026","2026-09-12","-614","-214","-4.754529967477157","255","Mid+Bottom","50","3","-1242","0"
"หวยฮานอยกาชาด","สองล่าง","2024","2024-12-31","926","1126","4.804399709453149","366","Top+Bottom","41.66666666666667","3","-701","0"
"หวยฮานอยกาชาด","สองล่าง","2025","2025-12-31","1699","1799","9.036753364182756","365","Top","66.66666666666666","2","-818","0"
"หวยฮานอยกาชาด","สองล่าง","2026","2026-09-12","-28","-428","-0.2327901563019621","255","Bottom","75","1","-927","0"
"หวยฮานอยเฉพาะกิจ","สองบน","2024","2024-12-31","2982","1682","18.274298320872656","305","Mid","80","2","-313","2"
"หวยฮานอยเฉพาะกิจ","สองบน","2025","2025-12-31","2674","1074","15.344886950533684","349","Mid","58.333333333333336","5","-408","16"
"หวยฮานอยเฉพาะกิจ","สองบน","2026","2026-09-12","718","-1182","5.405812377653968","241","Mid","62.5","4","-517","14"
"หวยฮานอยเฉพาะกิจ","สองล่าง","2024","2024-12-31","385","285","2.359791602819491","305","Mid+Bottom","50","3","-525","2"
"หวยฮานอยเฉพาะกิจ","สองล่าง","2025","2025-12-31","2684","-16","16.758241758241756","349","Bottom","58.333333333333336","2","-460","16"
"หวยฮานอยเฉพาะกิจ","สองล่าง","2026","2026-09-12","82","-318","0.6550567183256111","241","Bottom","50","4","-437","14"
"หวยฮานอยเช้า","สองบน","2024","2024-12-31","306","-294","2.000784621420165","306","Top+Bottom","40","6","-1302","0"
"หวยฮานอยเช้า","สองบน","2025","2025-12-31","789","489","4.429846723934648","365","Mid+Bottom","33.33333333333333","5","-728","0"
"หวยฮานอยเช้า","สองบน","2026","2026-09-12","51","1251","0.3820510899692861","254","Mid","37.5","4","-565","1"
"หวยฮานอยเช้า","สองล่าง","2024","2024-12-31","514","114","3.2768073441285224","306","Mid","40","6","-1080","0"
"หวยฮานอยเช้า","สองล่าง","2025","2025-12-31","535","435","2.851052491340261","365","Bottom","41.66666666666667","7","-806","0"
"หวยฮานอยเช้า","สองล่าง","2026","2026-09-12","132","32","1.1029411764705883","254","Bottom","62.5","4","-664","1"
"หวยฮานอยดานัง","สองบน","2024","2024-12-31","111","-89","0.6611471797009947","304","Top","80","1","-1127","2"
"หวยฮานอยดานัง","สองบน","2025","2025-12-02","-782","-382","-4.4989069151996315","319","Top+Bottom","36.36363636363637","3","-1035","17"
"หวยฮานอยดานัง","สองล่าง","2024","2024-12-31","-524","676","-3.2906304948505403","304","Top","30","8","-1225","2"
"หวยฮานอยดานัง","สองล่าง","2025","2025-12-02","976","1676","5.506657639359061","319","Bottom","36.36363636363637","5","-830","17"
"หวยฮานอยดึก","สองบน","2024","2024-12-31","445","445","2.093625029404846","366","Top","75","5","-1799","0"
"หวยฮานอยดึก","สองบน","2025","2025-12-31","-1207","193","-6.093805220376634","349","Mid","41.66666666666667","4","-1646","16"
"หวยฮานอยดึก","สองบน","2026","2026-09-12","-250","550","-1.9011406844106464","231","Top+Mid+Bottom","25","4","-700","24"
"หวยฮานอยดึก","สองล่าง","2024","2024-12-31","-300","-100","-1.6304347826086956","366","Top+Bottom","41.66666666666667","5","-948","0"
"หวยฮานอยดึก","สองล่าง","2025","2025-12-31","826","326","4.621237551751147","349","Bottom","25","4","-1095","16"
"หวยฮานอยดึก","สองล่าง","2026","2026-09-12","-303","-303","-2.567143946454291","231","Mid+Bottom","50","5","-845","24"
"หวยฮานอยทีวี","สองบน","2024","2024-12-31","-1088","-888","-5.760271071579838","366","Mid","33.33333333333333","8","-1148","0"
"หวยฮานอยทีวี","สองบน","2025","2025-12-31","-111","-111","-0.6338872708583176","365","Bottom","41.66666666666667","5","-1159","0"
"หวยฮานอยทีวี","สองบน","2026","2026-09-12","38","-662","0.30739362562692124","255","Top+Bottom","37.5","4","-856","0"
"หวยฮานอยทีวี","สองล่าง","2024","2024-12-31","-1085","1215","-5.77588501463934","366","Top","33.33333333333333","5","-1969","0"
"หวยฮานอยทีวี","สองล่าง","2025","2025-12-31","39","39","0.19538099293622563","365","Top+Mid","41.66666666666667","5","-830","0"
"หวยฮานอยทีวี","สองล่าง","2026","2026-09-12","-334","-334","-2.543018120907568","255","Bottom","37.5","5","-1027","0"
"หวยฮานอยปกติ","สองบน","2024","2024-12-31","-659","-259","-3.4576840337898105","362","Mid","58.333333333333336","5","-1676","4"
"หวยฮานอยปกติ","สองบน","2025","2025-12-21","897","797","5.275539610656943","317","Top+Bottom","54.54545454545454","4","-496","38"
"หวยฮานอยปกติ","สองบน","2026","2026-09-12","-95","205","-0.6836991723641598","251","Top","50","3","-1117","4"
"หวยฮานอยปกติ","สองล่าง","2024","2024-12-31","-963","-1863","-5.391031741588758","362","Bottom","41.66666666666667","8","-1904","4"
"หวยฮานอยปกติ","สองล่าง","2025","2025-12-31","-806","-706","-4.795906223967631","361","Bottom","50","5","-1312","4"
"หวยฮานอยปกติ","สองล่าง","2026","2026-09-12","-1072","128","-7.672487832808474","251","Bottom","50","5","-1389","4"
"หวยฮานอยพัฒนา","สองบน","2024","2024-12-31","-1349","-49","-6.762243721489799","366","Top","91.66666666666666","2","-1974","0"
"หวยฮานอยพัฒนา","สองบน","2025","2025-12-31","-1795","-95","-8.54965467968564","365","Top","33.33333333333333","7","-2497","0"
"หวยฮานอยพัฒนา","สองบน","2026","2026-09-12","496","196","3.8142110119963086","255","Top+Mid","50","4","-556","0"
"หวยฮานอยพัฒนา","สองล่าง","2024","2024-12-31","-2509","1491","-12.926992632283993","366","Top","66.66666666666666","4","-2609","0"
"หวยฮานอยพัฒนา","สองล่าง","2025","2025-12-31","-396","204","-2.0105605199025183","365","Mid","50","5","-1276","0"
"หวยฮานอยพัฒนา","สองล่าง","2026","2026-09-12","-132","1068","-0.975465563109666","255","Bottom","37.5","5","-1110","0"
"หวยฮานอยพิเศษ","สองบน","2024","2024-12-31","-2868","-1868","-14.012116474496775","362","Top","25","6","-3443","4"
"หวยฮานอยพิเศษ","สองบน","2025","2025-12-31","-341","-41","-2.024820378837361","331","Mid","33.33333333333333","5","-823","34"
"หวยฮานอยพิเศษ","สองบน","2026","2026-09-12","1569","1369","12.13363235635295","251","Mid+Bottom","62.5","1","-354","4"
"หวยฮานอยพิเศษ","สองล่าง","2024","2024-12-31","943","-1057","5.081640351349895","362","Mid","50","6","-706","4"
"หวยฮานอยพิเศษ","สองล่าง","2025","2025-12-31","-52","248","-0.2619383437437034","361","Bottom","41.66666666666667","6","-843","4"
"หวยฮานอยพิเศษ","สองล่าง","2026","2026-09-12","-273","-1673","-2.2993346247789104","251","Bottom","62.5","2","-1052","4"
"หวยฮานอยสตาร์","สองบน","2024","2024-12-31","-657","-457","-3.342320801750013","366","Top+Mid","33.33333333333333","6","-993","0"
"หวยฮานอยสตาร์","สองบน","2025","2025-12-31","163","563","0.884091771980257","364","Mid","50","6","-1686","1"
"หวยฮานอยสตาร์","สองบน","2026","2026-09-12","-1069","-1669","-7.707837623476818","255","Bottom","37.5","4","-1405","0"
"หวยฮานอยสตาร์","สองล่าง","2024","2024-12-31","-83","-483","-0.43043094954104655","366","Top+Bottom","41.66666666666667","6","-1062","0"
"หวยฮานอยสตาร์","สองล่าง","2025","2025-12-31","-297","103","-1.5471167369901548","364","Top","41.66666666666667","7","-1157","1"
"หวยฮานอยสตาร์","สองล่าง","2026","2026-09-12","1169","469","9.11074740861975","255","Top","50","1","-368","0"
"หวยฮานอยสามัคคี","สองบน","2024","2024-12-31","1592","1692","7.687850106239134","366","Top+Mid","66.66666666666666","4","-780","0"
"หวยฮานอยสามัคคี","สองบน","2025","2025-12-31","53","453","0.29531398005237647","363","Mid+Bottom","33.33333333333333","7","-1277","2"
"หวยฮานอยสามัคคี","สองบน","2026","2026-09-12","-542","-1042","-4.356212827519691","254","Mid+Bottom","50","3","-937","1"
"หวยฮานอยสามัคคี","สองล่าง","2024","2024-12-31","1020","1120","5.29045643153527","366","Top+Bottom","50","5","-892","0"
"หวยฮานอยสามัคคี","สองล่าง","2025","2025-12-31","-303","-503","-1.5223835602672964","363","Top+Mid","50","3","-1432","2"
"หวยฮานอยสามัคคี","สองล่าง","2026","2026-09-12","-210","-710","-1.6266460108443066","254","Top+Bottom","25","4","-700","1"
"หวยฮานอยอาเซียน","สองบน","2024","2024-12-31","-286","614","-1.4029235750024527","365","Mid","41.66666666666667","5","-963","1"
"หวยฮานอยอาเซียน","สองบน","2025","2025-12-31","345","-755","1.764254666325748","364","Bottom","41.66666666666667","6","-850","1"
"หวยฮานอยอาเซียน","สองบน","2026","2026-09-12","320","220","2.28898426323319","255","Top","25","4","-1008","0"
"หวยฮานอยอาเซียน","สองล่าง","2024","2024-12-31","335","535","1.844205890448665","365","Top","66.66666666666666","5","-1419","1"
"หวยฮานอยอาเซียน","สองล่าง","2025","2025-12-31","-1573","-873","-8.56147607902901","364","Top+Bottom","41.66666666666667","5","-2114","1"
"หวยฮานอยอาเซียน","สองล่าง","2026","2026-09-12","-77","-177","-0.6323396567299007","255","Top","50","3","-674","0"
"หุ้นเกาหลี","สองบน","2024","2024-12-30","34","734","0.7446342531756461","79","Top+Bottom","66.66666666666666","1","-442","121"
"หุ้นเกาหลี","สองบน","2025","2025-12-30","-658","242","-5.502592406756983","242","Top","27.27272727272727","6","-1137","122"
"หุ้นเกาหลี","สองบน","2026","2026-08-21","1222","1322","15.915603021620214","148","Top+Mid+Bottom","42.857142857142854","3","-330","85"
"หุ้นเกาหลี","สองล่าง","2024","2024-12-30","-806","-106","-19.163100332857823","79","Top+Bottom","66.66666666666666","1","-985","121"
"หุ้นเกาหลี","สองล่าง","2025","2025-12-30","-127","-627","-0.9748982881707222","242","Top","90.9090909090909","1","-771","122"
"หุ้นเกาหลี","สองล่าง","2026","2026-08-21","-144","-844","-1.768172888015717","148","Top","42.857142857142854","4","-564","85"
"หุ้นเกาหลี VIP","สองบน","2024","2024-12-31","-1848","-1948","-9.600997506234414","366","Top","41.66666666666667","7","-2561","0"
"หุ้นเกาหลี VIP","สองบน","2025","2025-12-31","-495","-895","-2.912621359223301","365","Top+Mid+Bottom","33.33333333333333","9","-1077","0"
"หุ้นเกาหลี VIP","สองบน","2026","2026-09-11","-1007","-1107","-7.924765877075628","254","Bottom","37.5","3","-1131","0"
"หุ้นเกาหลี VIP","สองล่าง","2024","2024-12-31","1744","1044","8.652510418733875","366","Top","58.333333333333336","4","-360","0"
"หุ้นเกาหลี VIP","สองล่าง","2025","2025-12-31","151","1451","0.7531547708115118","365","Top","50","5","-741","0"
"หุ้นเกาหลี VIP","สองล่าง","2026","2026-09-11","-3000","-1500","-21.58273381294964","254","Bottom","37.5","6","-3254","0"
"หุ้นเกาหลีพิเศษ","สองบน","2024","2024-12-31","14","314","0.21257212268448225","122","Top+Mid+Bottom","75","1","-628","0"
"หุ้นเกาหลีพิเศษ","สองบน","2025","2025-12-31","-43","657","-0.23831956991631104","351","Mid","25","8","-747","14"
"หุ้นเกาหลีพิเศษ","สองบน","2026","2026-09-12","333","533","2.955533859944972","230","Bottom","50","2","-558","25"
"หุ้นเกาหลีพิเศษ","สองล่าง","2024","2024-12-31","130","330","2.106969205834684","122","Top","75","2","-654","0"
"หุ้นเกาหลีพิเศษ","สองล่าง","2025","2025-12-31","-861","539","-4.470172888219719","351","Top","50","3","-1930","14"
"หุ้นเกาหลีพิเศษ","สองล่าง","2026","2026-09-12","-735","-1635","-5.726529022204908","230","Bottom","50","4","-1120","25"
"หุ้นจีน VISA เช้า","สองบน","2025","2025-12-31","-344","-744","-9.988385598141695","61","Bottom","100","0","-513","4"
"หุ้นจีน VISA เช้า","สองบน","2026","2026-09-12","818","718","5.97865809092238","255","Top+Mid","87.5","1","-464","0"
"หุ้นจีน VISA เช้า","สองล่าง","2025","2025-12-31","40","140","1.092896174863388","61","Top+Mid","50","1","-300","4"
"หุ้นจีน VISA เช้า","สองล่าง","2026","2026-09-12","-1057","-57","-8.033746294748042","255","Mid","50","2","-1185","0"
"หุ้นจีน VISA บ่าย","สองบน","2025","2025-12-31","-691","-891","-23.102641257104647","61","Bottom","50","1","-926","4"
"หุ้นจีน VISA บ่าย","สองบน","2026","2026-09-12","-1200","-1300","-8.571428571428571","255","Top+Mid","37.5","2","-1568","0"
"หุ้นจีน VISA บ่าย","สองล่าง","2025","2025-12-31","56","-944","1.6260162601626018","61","Top+Mid","50","1","-358","4"
"หุ้นจีน VISA บ่าย","สองล่าง","2026","2026-09-12","-466","134","-3.3607384970431275","255","Top+Bottom","37.5","3","-1197","0"
"หุ้นจีนเช้า","สองบน","2024","2024-12-31","144","944","1.1468620579802484","242","Top+Mid","50","4","-547","124"
"หุ้นจีนเช้า","สองบน","2025","2025-12-31","1142","342","9.47089069497429","243","Top","66.66666666666666","4","-870","122"
"หุ้นจีนเช้า","สองบน","2026","2026-08-21","217","617","2.528253524408715","151","Top+Mid","57.14285714285714","2","-527","82"
"หุ้นจีนเช้า","สองล่าง","2024","2024-12-31","1062","962","8.08342213426701","242","Top","41.66666666666667","5","-380","124"
"หุ้นจีนเช้า","สองล่าง","2025","2025-12-31","-1018","-1018","-7.941956623498206","243","Top+Mid","33.33333333333333","8","-1206","122"
"หุ้นจีนเช้า","สองล่าง","2026","2026-08-21","165","-935","2.1331609566903684","151","Top","57.14285714285714","3","-505","82"
"หุ้นจีนเช้า VIP","สองบน","2024","2024-12-31","-1402","-702","-7.0092990700929905","366","Top","50","6","-1852","0"
"หุ้นจีนเช้า VIP","สองบน","2025","2025-12-31","-585","-785","-2.801053387598755","365","Top+Mid","50","6","-1622","0"
"หุ้นจีนเช้า VIP","สองบน","2026","2026-09-11","304","504","2.413464591933947","254","Bottom","37.5","5","-378","0"
"หุ้นจีนเช้า VIP","สองล่าง","2024","2024-12-31","750","1550","3.875968992248062","366","Top","66.66666666666666","6","-775","0"
"หุ้นจีนเช้า VIP","สองล่าง","2025","2025-12-31","-1097","203","-5.541243622771127","365","Top+Mid","33.33333333333333","4","-1252","0"
"หุ้นจีนเช้า VIP","สองล่าง","2026","2026-09-11","76","1176","0.5419281232173417","254","Bottom","75","3","-530","0"
"หุ้นจีนบ่าย","สองบน","2024","2024-12-31","-239","961","-2.0359485475764547","242","Bottom","41.66666666666667","7","-1246","124"
"หุ้นจีนบ่าย","สองบน","2025","2025-12-31","-143","1857","-1.0637506508963774","243","Top","66.66666666666666","7","-1103","122"
"หุ้นจีนบ่าย","สองบน","2026","2026-08-21","208","-192","2.478551000953289","147","Top","71.42857142857143","2","-466","86"
"หุ้นจีนบ่าย","สองล่าง","2024","2024-12-31","-49","-649","-0.3904693601083752","242","Top","33.33333333333333","9","-667","124"
"หุ้นจีนบ่าย","สองล่าง","2025","2025-12-31","-177","323","-1.3036753332842308","243","Top+Mid","33.33333333333333","6","-758","122"
"หุ้นจีนบ่าย","สองล่าง","2026","2026-08-21","469","-31","6.066485577544949","147","Top","42.857142857142854","4","-464","86"
"หุ้นจีนบ่าย VIP","สองบน","2024","2024-12-31","-466","1334","-2.3108201924030545","366","Top+Mid","58.333333333333336","5","-1605","0"
"หุ้นจีนบ่าย VIP","สองบน","2025","2025-12-31","423","-1077","2.406554019457245","365","Top+Mid","33.33333333333333","2","-1445","0"
"หุ้นจีนบ่าย VIP","สองบน","2026","2026-09-11","-935","-35","-6.661916636978981","254","Top","75","1","-1362","0"
"หุ้นจีนบ่าย VIP","สองล่าง","2024","2024-12-31","-2044","56","-11.519386834986474","366","Top+Mid","50","4","-2368","0"
"หุ้นจีนบ่าย VIP","สองล่าง","2025","2025-12-31","-314","-114","-1.600897318242072","365","Top","66.66666666666666","7","-1289","0"
"หุ้นจีนบ่าย VIP","สองล่าง","2026","2026-09-11","578","578","4.007765913188185","254","Top","87.5","1","-446","0"
"หุ้นจีนพิเศษ เช้า","สองบน","2024","2024-12-31","1056","656","16.64564943253468","122","Top","100","0","-240","0"
"หุ้นจีนพิเศษ เช้า","สองบน","2025","2025-12-31","650","750","3.4120734908136483","351","Top","50","7","-967","14"
"หุ้นจีนพิเศษ เช้า","สองบน","2026","2026-09-12","-1247","-747","-10.182085408671512","231","Mid","75","3","-1465","24"
"หุ้นจีนพิเศษ เช้า","สองล่าง","2024","2024-12-31","280","-20","4.046242774566474","122","Mid","50","2","-526","0"
"หุ้นจีนพิเศษ เช้า","สองล่าง","2025","2025-12-31","-162","138","-0.823924321025328","351","Top+Bottom","58.333333333333336","4","-1160","14"
"หุ้นจีนพิเศษ เช้า","สองล่าง","2026","2026-09-12","76","776","0.5926388022457891","231","Top+Mid","25","5","-756","24"
"หุ้นจีนพิเศษ บ่าย","สองบน","2024","2024-12-31","435","635","6.336489439184268","122","Top+Mid+Bottom","100","0","-361","1"
"หุ้นจีนพิเศษ บ่าย","สองบน","2025","2025-12-31","-834","-534","-4.358733145186579","351","Mid","41.66666666666667","7","-1365","14"
"หุ้นจีนพิเศษ บ่าย","สองบน","2026","2026-09-12","370","-30","3.265666372462489","230","Mid","62.5","2","-871","25"
"หุ้นจีนพิเศษ บ่าย","สองล่าง","2024","2024-12-31","-474","326","-6.700593723494487","122","Top+Mid","100","0","-606","1"
"หุ้นจีนพิเศษ บ่าย","สองล่าง","2025","2025-12-31","-1135","-235","-6.436064644173518","351","Top","41.66666666666667","7","-2396","14"
"หุ้นจีนพิเศษ บ่าย","สองล่าง","2026","2026-09-12","-741","-641","-5.861878015979748","230","Top+Mid","37.5","6","-1093","25"
"หุ้นดาวโจนส์","สองบน","2024","2024-12-31","-274","-1074","-2.1965688632355302","249","Top+Bottom","33.33333333333333","7","-954","117"
"หุ้นดาวโจนส์","สองบน","2025","2025-12-30","617","1017","4.645035007151998","250","Mid+Bottom","54.54545454545454","3","-1313","114"
"หุ้นดาวโจนส์","สองบน","2026","2026-09-11","348","1548","3.2669921141569658","183","Bottom","62.5","3","-752","71"
"หุ้นดาวโจนส์","สองล่าง","2024","2024-12-31","-2","198","-0.014812620352540364","249","Top+Mid","33.33333333333333","6","-757","117"
"หุ้นดาวโจนส์","สองล่าง","2025","2025-12-30","-354","-1354","-2.732746641963872","250","Top+Mid","27.27272727272727","8","-715","114"
"หุ้นดาวโจนส์","สองล่าง","2026","2026-09-11","-265","-1565","-3.0233884768967485","183","Top+Bottom","62.5","3","-903","71"
"หุ้นดาวโจนส์ VIP","สองบน","2024","2024-12-31","-2175","-75","-10.469314079422382","363","Top+Bottom","41.66666666666667","4","-2295","3"
"หุ้นดาวโจนส์ VIP","สองบน","2025","2025-12-31","-650","250","-3.307888040712468","365","Bottom","33.33333333333333","7","-977","0"
"หุ้นดาวโจนส์ VIP","สองบน","2026","2026-09-11","-50","-350","-0.36363636363636365","254","Top+Mid+Bottom","50","7","-613","0"
"หุ้นดาวโจนส์ VIP","สองล่าง","2024","2024-12-31","37","1737","0.19308041538381254","363","Top","75","2","-1455","3"
"หุ้นดาวโจนส์ VIP","สองล่าง","2025","2025-12-31","-270","-670","-1.4941892639734367","365","Bottom","41.66666666666667","8","-1199","0"
"หุ้นดาวโจนส์ VIP","สองล่าง","2026","2026-09-11","-698","-498","-5.022305367678802","254","Mid+Bottom","50","2","-1355","0"
"หุ้นดาวโจนส์ VIP พิเศษ","สองบน","2025","2025-12-02","-108","-8","-3.169014084507042","63","Top+Mid","100","0","-552","18"
"หุ้นดาวโจนส์ VIP พิเศษ","สองล่าง","2025","2025-12-02","584","184","15.715823466092575","63","Mid","100","0","-322","18"
"หุ้นดาวโจนส์ VISA","สองบน","2025","2025-12-31","-152","-552","-5.149051490514905","61","Top+Mid","50","1","-418","5"
"หุ้นดาวโจนส์ VISA","สองบน","2026","2026-09-11","-249","151","-1.7850741988673022","254","Top+Mid","75","3","-638","0"
"หุ้นดาวโจนส์ VISA","สองล่าง","2025","2025-12-31","-193","7","-5.860917096872153","61","Top+Bottom","50","1","-410","5"
"หุ้นดาวโจนส์ VISA","สองล่าง","2026","2026-09-11","-999","1901","-7.187567450895747","254","Top","87.5","2","-1397","0"
"หุ้นดาวโจนส์พิเศษ","สองบน","2024","2024-12-31","-397","-97","-5.840812122995439","122","Top+Bottom","50","3","-861","4"
"หุ้นดาวโจนส์พิเศษ","สองบน","2025","2025-12-31","724","1424","3.855986365573072","344","Mid","75","1","-622","21"
"หุ้นดาวโจนส์พิเศษ","สองบน","2026","2026-09-11","-285","-885","-2.3011707710940654","229","Top+Mid+Bottom","25","5","-788","25"
"หุ้นดาวโจนส์พิเศษ","สองล่าง","2024","2024-12-31","-385","315","-5.8466211085801065","122","Top","75","2","-742","4"
"หุ้นดาวโจนส์พิเศษ","สองล่าง","2025","2025-12-31","-1684","-584","-9.363879003558718","344","Mid","41.66666666666667","8","-1934","21"
"หุ้นดาวโจนส์พิเศษ","สองล่าง","2026","2026-09-11","273","873","2.1792927277081504","229","Bottom","62.5","3","-736","25"
"หุ้นดาวโจนส์สตาร์","สองบน","2024","2024-12-31","-27","-327","-0.18088028404903864","304","Top","30","4","-1007","2"
"หุ้นดาวโจนส์สตาร์","สองบน","2025","2025-12-31","-1167","-1367","-5.994760363692402","365","Top+Mid","50","4","-1642","0"
"หุ้นดาวโจนส์สตาร์","สองบน","2026","2026-09-11","8","1308","0.059294396679513785","254","Top","50","5","-777","0"
"หุ้นดาวโจนส์สตาร์","สองล่าง","2024","2024-12-31","728","-172","4.473942969518191","304","Top","70","2","-677","2"
"หุ้นดาวโจนส์สตาร์","สองล่าง","2025","2025-12-31","667","767","3.3630817324660915","365","Top+Bottom","41.66666666666667","5","-1168","0"
"หุ้นดาวโจนส์สตาร์","สองล่าง","2026","2026-09-11","359","959","2.7957324195934894","254","Mid+Bottom","25","4","-529","0"
"หุ้นไต้หวัน","สองบน","2024","2024-12-31","-469","431","-10.264828189975924","82","Top+Mid","25","3","-697","124"
"หุ้นไต้หวัน","สองบน","2025","2025-12-31","619","19","4.8813185080041","243","Top","50","2","-457","122"
"หุ้นไต้หวัน","สองบน","2026","2026-09-11","-735","-835","-8.818236352729453","159","Top","37.5","4","-1162","95"
"หุ้นไต้หวัน","สองล่าง","2024","2024-12-31","-145","55","-3.33716915995397","82","Top","75","2","-511","124"
"หุ้นไต้หวัน","สองล่าง","2025","2025-12-31","48","-1352","0.38860103626943004","243","Top+Mid","33.33333333333333","9","-922","122"
"หุ้นไต้หวัน","สองล่าง","2026","2026-09-11","994","294","11.824886985486557","159","Top+Mid","50","4","-370","95"
"หุ้นไต้หวัน VIP","สองบน","2024","2024-12-31","245","945","1.197751161085309","366","Top+Bottom","41.66666666666667","4","-1300","0"
"หุ้นไต้หวัน VIP","สองบน","2025","2025-12-31","53","1453","0.273944280767044","365","Top","41.66666666666667","5","-1165","0"
"หุ้นไต้หวัน VIP","สองบน","2026","2026-09-11","-276","124","-1.8553374563054583","254","Top+Mid+Bottom","87.5","1","-856","0"
"หุ้นไต้หวัน VIP","สองล่าง","2024","2024-12-31","-2","-2","-0.010470107842110775","366","Bottom","41.66666666666667","4","-1356","0"
"หุ้นไต้หวัน VIP","สองล่าง","2025","2025-12-31","-879","-879","-4.444107386622175","365","Mid","25","8","-1293","0"
"หุ้นไต้หวัน VIP","สองล่าง","2026","2026-09-11","-784","416","-5.646787669259579","254","Top+Bottom","37.5","2","-870","0"
"หุ้นไต้หวันพิเศษ","สองบน","2024","2024-12-31","-451","-651","-7.332141115265809","122","Top+Mid+Bottom","25","3","-811","0"
"หุ้นไต้หวันพิเศษ","สองบน","2025","2025-12-31","-131","369","-0.6707285853258921","351","Mid","41.66666666666667","7","-1214","14"
"หุ้นไต้หวันพิเศษ","สองบน","2026","2026-09-12","-194","106","-1.617475404368851","231","Top","75","2","-1091","24"
"หุ้นไต้หวันพิเศษ","สองล่าง","2024","2024-12-31","121","-379","2.130656805775665","122","Top","50","2","-277","0"
"หุ้นไต้หวันพิเศษ","สองล่าง","2025","2025-12-31","-1712","-1712","-9.00483904902167","351","Mid","33.33333333333333","7","-2196","14"
"หุ้นไต้หวันพิเศษ","สองล่าง","2026","2026-09-12","1","-799","0.00793713786808477","231","Mid","50","3","-639","24"
"หุ้นไทยช่อง9","สองบน","2024","2024-12-30","610","810","5.087572977481234","245","Top","72.72727272727273","1","-500","120"
"หุ้นไทยช่อง9","สองบน","2025","2025-12-31","40","-360","0.2949852507374631","247","Top+Mid","33.33333333333333","9","-742","118"
"หุ้นไทยช่อง9","สองบน","2026","2026-09-11","-398","-298","-4.854842644547451","161","Top+Mid","37.5","5","-575","93"
"หุ้นไทยช่อง9","สองล่าง","2024","2024-12-30","393","-507","2.9096024283704747","245","Top+Bottom","45.45454545454545","4","-681","120"
"หุ้นไทยช่อง9","สองล่าง","2025","2025-12-31","-605","495","-4.8380647740903635","247","Mid","33.33333333333333","5","-1011","118"
"หุ้นไทยช่อง9","สองล่าง","2026","2026-09-11","-944","256","-12.513255567338282","161","Top+Mid","50","4","-1377","93"
"หุ้นนิเคอิ VISA เช้า","สองบน","2025","2025-12-31","-550","-750","-16.417910447761194","61","Top+Mid+Bottom","50","1","-720","4"
"หุ้นนิเคอิ VISA เช้า","สองบน","2026","2026-09-12","1006","906","7.863060809754573","255","Bottom","87.5","1","-460","0"
"หุ้นนิเคอิ VISA เช้า","สองล่าง","2025","2025-12-31","-271","-271","-8.546199936928414","61","Mid+Bottom","50","1","-496","4"
"หุ้นนิเคอิ VISA เช้า","สองล่าง","2026","2026-09-12","-1190","10","-8.629441624365482","255","Top+Mid","50","3","-1388","0"
"หุ้นนิเคอิ VISA บ่าย","สองบน","2025","2025-12-31","-400","-300","-16","61","Mid","100","0","-464","4"
"หุ้นนิเคอิ VISA บ่าย","สองบน","2026","2026-09-12","229","-971","1.897108773092536","255","Mid","37.5","5","-793","0"
"หุ้นนิเคอิ VISA บ่าย","สองล่าง","2025","2025-12-31","140","540","3.825136612021858","61","Top+Mid","100","0","-280","4"
"หุ้นนิเคอิ VISA บ่าย","สองล่าง","2026","2026-09-12","321","1321","2.2324222824953055","255","Mid","62.5","1","-876","0"
"หุ้นนิเคอิ เช้า VIP","สองบน","2024","2024-12-31","607","107","3.2128301487323347","366","Mid","50","4","-1047","0"
"หุ้นนิเคอิ เช้า VIP","สองบน","2025","2025-12-31","196","-104","0.9749303621169917","365","Mid","50","4","-818","0"
"หุ้นนิเคอิ เช้า VIP","สองบน","2026","2026-06-24","-799","101","-8.500904351526758","175","Mid","60","3","-1062","0"
"หุ้นนิเคอิ เช้า VIP","สองล่าง","2024","2024-12-31","65","-135","0.34510220334483677","366","Top+Mid+Bottom","33.33333333333333","4","-1232","0"
"หุ้นนิเคอิ เช้า VIP","สองล่าง","2025","2025-12-31","112","-388","0.586756077116513","365","Mid","33.33333333333333","7","-821","0"
"หุ้นนิเคอิ เช้า VIP","สองล่าง","2026","2026-06-24","-961","-761","-9.745461920697698","175","Top+Bottom","40","3","-1104","0"
"หุ้นนิเคอิเช้า","สองบน","2024","2024-12-30","-157","-557","-1.1842800030172738","245","Top","54.54545454545454","3","-1008","120"
"หุ้นนิเคอิเช้า","สองบน","2025","2025-12-30","928","28","7.153869873573851","243","Mid","54.54545454545454","4","-477","121"
"หุ้นนิเคอิเช้า","สองบน","2026","2026-09-11","160","-240","1.75054704595186","164","Mid+Bottom","37.5","6","-754","90"
"หุ้นนิเคอิเช้า","สองล่าง","2024","2024-12-30","560","-40","4.395604395604396","245","Mid","45.45454545454545","5","-683","120"
"หุ้นนิเคอิเช้า","สองล่าง","2025","2025-12-30","568","1768","4.42643391521197","243","Top+Mid","45.45454545454545","6","-923","121"
"หุ้นนิเคอิเช้า","สองล่าง","2026","2026-09-11","654","254","8.028480235698503","164","Mid","87.5","2","-455","90"
"หุ้นนิเคอิบ่าย","สองบน","2024","2024-12-30","-845","55","-6.78987545198875","245","Top","45.45454545454545","8","-1205","120"
"หุ้นนิเคอิบ่าย","สองบน","2025","2025-12-30","-677","-1177","-5.023373154262818","243","Top","36.36363636363637","6","-1128","121"
"หุ้นนิเคอิบ่าย","สองบน","2026","2026-09-11","261","461","3.129871687252668","162","Top","50","4","-710","92"
"หุ้นนิเคอิบ่าย","สองล่าง","2024","2024-12-30","-600","-1400","-4.3478260869565215","245","Mid+Bottom","54.54545454545454","4","-1200","120"
"หุ้นนิเคอิบ่าย","สองล่าง","2025","2025-12-30","360","-540","2.719033232628399","243","Top+Bottom","36.36363636363637","6","-634","121"
"หุ้นนิเคอิบ่าย","สองล่าง","2026","2026-09-11","-176","-276","-1.9828751689950428","162","Bottom","62.5","1","-753","92"
"หุ้นนิเคอิบ่าย VIP","สองบน","2024","2024-12-31","-66","-266","-0.31035455656917144","366","Mid","66.66666666666666","4","-882","0"
"หุ้นนิเคอิบ่าย VIP","สองบน","2025","2025-12-31","486","-14","2.6392961876832843","365","Top+Mid","41.66666666666667","8","-708","0"
"หุ้นนิเคอิบ่าย VIP","สองบน","2026","2026-09-11","328","428","2.314422805532035","254","Bottom","50","2","-683","0"
"หุ้นนิเคอิบ่าย VIP","สองล่าง","2024","2024-12-31","846","1246","4.584371951880351","366","Top+Mid+Bottom","58.333333333333336","6","-835","0"
"หุ้นนิเคอิบ่าย VIP","สองล่าง","2025","2025-12-31","-1864","-2164","-9.383809907370116","365","Bottom","25","9","-2634","0"
"หุ้นนิเคอิบ่าย VIP","สองล่าง","2026","2026-09-11","-1328","-128","-9.39977349943375","254","Mid","50","5","-1885","0"
"หุ้นนิเคอิพิเศษ เช้า","สองบน","2024","2024-12-31","543","543","8.678280326034841","122","Bottom","25","3","-271","0"
"หุ้นนิเคอิพิเศษ เช้า","สองบน","2025","2025-12-31","-258","42","-1.3977679055152237","353","Mid+Bottom","33.33333333333333","9","-1183","12"
"หุ้นนิเคอิพิเศษ เช้า","สองบน","2026","2026-09-12","790","1290","6.577851790174854","226","Top+Bottom","37.5","5","-1229","29"
"หุ้นนิเคอิพิเศษ เช้า","สองล่าง","2024","2024-12-31","-679","-179","-10.166192543793981","122","Bottom","100","0","-830","0"
"หุ้นนิเคอิพิเศษ เช้า","สองล่าง","2025","2025-12-31","-173","-73","-0.9166534202299582","353","Top","33.33333333333333","6","-1499","12"
"หุ้นนิเคอิพิเศษ เช้า","สองล่าง","2026","2026-09-12","96","996","0.7866273352999017","226","Top+Bottom","62.5","3","-440","29"
"หุ้นนิเคอิพิเศษ บ่าย","สองบน","2024","2024-12-31","-471","229","-6.956136464333186","122","Top+Bottom","75","1","-876","0"
"หุ้นนิเคอิพิเศษ บ่าย","สองบน","2025","2025-12-31","1604","1804","8.48856900931414","350","Top","33.33333333333333","7","-531","15"
"หุ้นนิเคอิพิเศษ บ่าย","สองบน","2026","2026-09-12","-1614","-514","-12.795306801966069","225","Top+Bottom","50","4","-1946","30"
"หุ้นนิเคอิพิเศษ บ่าย","สองล่าง","2024","2024-12-31","17","417","0.24344837462408705","122","Top","100","0","-408","0"
"หุ้นนิเคอิพิเศษ บ่าย","สองล่าง","2025","2025-12-31","-2576","-876","-13.158970167552106","350","Bottom","41.66666666666667","8","-3050","15"
"หุ้นนิเคอิพิเศษ บ่าย","สองล่าง","2026","2026-09-12","-894","-294","-7.392095253844881","225","Bottom","37.5","4","-1442","30"
"หุ้นเยอรมัน","สองบน","2024","2024-12-27","797","1097","5.902392061023477","253","Mid","54.54545454545454","3","-537","109"
"หุ้นเยอรมัน","สองบน","2025","2025-12-30","203","-297","1.5618988997460952","253","Mid","36.36363636363637","6","-545","111"
"หุ้นเยอรมัน","สองบน","2026","2026-09-11","677","377","7.851095906297112","171","Bottom","50","1","-342","83"
"หุ้นเยอรมัน","สองล่าง","2024","2024-12-27","1234","-566","9.898925076207284","253","Top","63.63636363636363","5","-380","109"
"หุ้นเยอรมัน","สองล่าง","2025","2025-12-30","-650","150","-4.7272727272727275","253","Bottom","45.45454545454545","6","-1132","111"
"หุ้นเยอรมัน","สองล่าง","2026","2026-09-11","-929","171","-10.404300593571508","171","Top+Bottom","62.5","4","-945","83"
"หุ้นเยอรมัน VIP","สองบน","2024","2024-12-31","-1772","-2372","-9.340080118068734","366","Top+Mid+Bottom","25","9","-2198","0"
"หุ้นเยอรมัน VIP","สองบน","2025","2025-12-31","-348","552","-1.6935954837453766","365","Top","41.66666666666667","4","-1220","0"
"หุ้นเยอรมัน VIP","สองบน","2026","2026-09-11","-1056","144","-7.355809417665088","254","Top+Mid","50","3","-1321","0"
"หุ้นเยอรมัน VIP","สองล่าง","2024","2024-12-31","-1070","630","-5.581637976004173","366","Bottom","33.33333333333333","7","-1957","0"
"หุ้นเยอรมัน VIP","สองล่าง","2025","2025-12-31","968","1068","4.7376664056382145","365","Mid+Bottom","50","3","-666","0"
"หุ้นเยอรมัน VIP","สองล่าง","2026","2026-09-11","-1206","-6","-9.417460565359988","254","Bottom","62.5","2","-1452","0"
"หุ้นเยอรมัน VISA","สองบน","2025","2025-12-31","-260","-260","-7.103825136612022","61","Top","100","0","-440","5"
"หุ้นเยอรมัน VISA","สองบน","2026","2026-09-11","-652","-652","-4.7411285631180915","254","Top","25","7","-1472","0"
"หุ้นเยอรมัน VISA","สองล่าง","2025","2025-12-31","33","-67","1.151028950122079","61","Bottom","100","0","-428","5"
"หุ้นเยอรมัน VISA","สองล่าง","2026","2026-09-11","570","-130","4.181951577402788","254","Top","50","4","-440","0"
"หุ้นเยอรมันพิเศษ","สองบน","2024","2024-12-31","-557","-57","-9.046613610524606","122","Bottom","25","3","-729","0"
"หุ้นเยอรมันพิเศษ","สองบน","2025","2025-12-31","420","720","2.3359288097886544","346","Top+Mid","50","6","-834","19"
"หุ้นเยอรมันพิเศษ","สองบน","2026","2026-09-11","-1328","372","-12.49529544599172","228","Mid","37.5","4","-1384","26"
"หุ้นเยอรมันพิเศษ","สองล่าง","2024","2024-12-31","-463","437","-7.512575044621126","122","Top","50","2","-720","0"
"หุ้นเยอรมันพิเศษ","สองล่าง","2025","2025-12-31","687","787","3.4500075327675384","346","Top+Mid+Bottom","41.66666666666667","7","-807","19"
"หุ้นเยอรมันพิเศษ","สองล่าง","2026","2026-09-11","669","-731","5.607241639426704","228","Bottom","37.5","3","-570","26"
"หุ้นรัสเซีย","สองบน","2024","2024-12-30","-108","692","-0.7709880068532268","254","Top","63.63636363636363","2","-632","111"
"หุ้นรัสเซีย","สองบน","2025","2025-12-30","-1305","-1505","-9.318100678329168","252","Mid","36.36363636363637","5","-1534","112"
"หุ้นรัสเซีย","สองบน","2026","2026-09-11","446","246","4.526080779378932","173","Mid+Bottom","87.5","2","-462","81"
"หุ้นรัสเซีย","สองล่าง","2024","2024-12-30","274","174","1.9675427258365648","254","Mid+Bottom","45.45454545454545","5","-762","111"
"หุ้นรัสเซีย","สองล่าง","2025","2025-12-30","-187","13","-1.4073906826221119","252","Top+Mid+Bottom","54.54545454545454","6","-776","112"
"หุ้นรัสเซีย","สองล่าง","2026","2026-09-11","-1148","-648","-12.829682610639248","173","Mid","37.5","6","-1869","81"
"หุ้นรัสเซีย VIP","สองบน","2024","2024-12-31","-1202","-1502","-6.567588241722216","364","Top","50","2","-1973","2"
"หุ้นรัสเซีย VIP","สองบน","2025","2025-12-31","-1424","-1224","-6.677921590695929","365","Top+Mid","25","8","-2388","0"
"หุ้นรัสเซีย VIP","สองบน","2026","2026-09-11","-1065","-565","-7.909394727070182","253","Top+Mid","37.5","4","-1344","1"
"หุ้นรัสเซีย VIP","สองล่าง","2024","2024-12-31","-725","1575","-3.871829105473965","364","Mid","41.66666666666667","6","-1539","2"
"หุ้นรัสเซีย VIP","สองล่าง","2025","2025-12-31","-1147","-1747","-5.808477237048666","365","Mid","41.66666666666667","6","-1495","0"
"หุ้นรัสเซีย VIP","สองล่าง","2026","2026-09-11","258","258","1.9483461712732213","253","Bottom","37.5","4","-787","1"
"หุ้นรัสเซีย VISA","สองบน","2025","2025-12-31","-442","-342","-14.529914529914532","61","Top+Bottom","50","1","-780","8"
"หุ้นรัสเซีย VISA","สองบน","2026","2026-09-11","-901","-201","-6.528512426635751","254","Bottom","50","3","-1526","0"
"หุ้นรัสเซีย VISA","สองล่าง","2025","2025-12-31","103","-97","3.221770409759149","61","Top","50","1","-329","8"
"หุ้นรัสเซีย VISA","สองล่าง","2026","2026-09-11","-301","-1001","-2.246101037236027","254","Top+Mid+Bottom","37.5","3","-827","0"
"หุ้นรัสเซียพิเศษ","สองบน","2024","2024-12-31","536","536","7.80885780885781","122","Top+Bottom","50","3","-405","1"
"หุ้นรัสเซียพิเศษ","สองบน","2025","2025-12-31","805","505","4.283054003724395","350","Top+Mid","33.33333333333333","5","-1620","15"
"หุ้นรัสเซียพิเศษ","สองบน","2026","2026-09-11","808","1108","6.078844417694854","229","Top+Mid","87.5","1","-756","25"
"หุ้นรัสเซียพิเศษ","สองล่าง","2024","2024-12-31","159","-341","2.8695181375203034","122","Top","25","3","-680","1"
"หุ้นรัสเซียพิเศษ","สองล่าง","2025","2025-12-31","590","590","3.055411703780425","350","Top+Mid+Bottom","41.66666666666667","3","-1051","15"
"หุ้นรัสเซียพิเศษ","สองล่าง","2026","2026-09-11","-615","-815","-5.53306342780027","229","Mid","62.5","3","-951","25"
"หุ้นเวียดนามพิเศษ เช้า","สองบน","2024","2024-12-31","-195","405","-2.8281363306744014","122","Top","50","2","-581","0"
"หุ้นเวียดนามพิเศษ เช้า","สองบน","2025","2025-12-31","1037","137","5.328058367158198","351","Top+Mid","50","2","-1086","14"
"หุ้นเวียดนามพิเศษ เช้า","สองบน","2026","2026-08-25","-529","-829","-4.3257829748957395","213","Mid+Bottom","42.857142857142854","3","-1131","24"
"หุ้นเวียดนามพิเศษ เช้า","สองล่าง","2024","2024-12-31","-46","254","-0.7248660573589663","122","Bottom","50","3","-556","0"
"หุ้นเวียดนามพิเศษ เช้า","สองล่าง","2025","2025-12-31","-2090","-890","-12.374185908821788","351","Bottom","25","6","-2162","14"
"หุ้นเวียดนามพิเศษ เช้า","สองล่าง","2026","2026-08-25","540","240","4.712041884816754","213","Top","85.71428571428571","1","-524","24"
"หุ้นเวียดนามพิเศษ บ่าย","สองบน","2024","2024-12-31","-212","-1112","-3.3586818757921417","122","Mid","50","3","-958","0"
"หุ้นเวียดนามพิเศษ บ่าย","สองบน","2025","2025-12-31","17","1117","0.09559691840521847","349","Mid","50","5","-983","16"
"หุ้นเวียดนามพิเศษ บ่าย","สองบน","2026","2026-08-24","-509","491","-4.3102718265729525","211","Top","85.71428571428571","2","-960","25"
"หุ้นเวียดนามพิเศษ บ่าย","สองล่าง","2024","2024-12-31","944","744","13.571017826336975","122","Top+Mid","75","1","-267","0"
"หุ้นเวียดนามพิเศษ บ่าย","สองล่าง","2025","2025-12-31","-755","-1355","-3.8609051393505496","349","Top","58.333333333333336","4","-1409","16"
"หุ้นเวียดนามพิเศษ บ่าย","สองล่าง","2026","2026-08-24","360","260","3.415559772296015","211","Top+Mid","42.857142857142854","2","-810","25"
"หุ้นสิงคโปร์","สองบน","2024","2024-12-30","972","272","7.348049591775023","250","Mid","36.36363636363637","4","-518","115"
"หุ้นสิงคโปร์","สองบน","2025","2025-12-31","-834","-1234","-6.817067189798921","250","Mid","33.33333333333333","5","-1260","115"
"หุ้นสิงคโปร์","สองบน","2026","2026-09-11","205","-295","2.413184226015303","161","Top+Bottom","50","4","-870","93"
"หุ้นสิงคโปร์","สองล่าง","2024","2024-12-30","992","-108","7.745159275452843","250","Mid","54.54545454545454","4","-540","115"
"หุ้นสิงคโปร์","สองล่าง","2025","2025-12-31","130","-170","0.9305654974946312","250","Top","58.333333333333336","4","-510","115"
"หุ้นสิงคโปร์","สองล่าง","2026","2026-09-11","583","183","6.845133262885993","161","Bottom","75","3","-340","93"
"หุ้นสิงคโปร์ VIP","สองบน","2024","2024-12-31","-1049","-249","-5.393593500951206","366","Top+Mid+Bottom","25","9","-1645","0"
"หุ้นสิงคโปร์ VIP","สองบน","2025","2025-12-31","-880","-580","-4.517453798767967","365","Mid+Bottom","41.66666666666667","6","-2225","0"
"หุ้นสิงคโปร์ VIP","สองบน","2026","2026-08-21","-654","446","-5.517125021089927","230","Top","100","0","-1164","3"
"หุ้นสิงคโปร์ VIP","สองล่าง","2024","2024-12-31","-1400","-500","-7.291666666666667","366","Top","25","7","-1462","0"
"หุ้นสิงคโปร์ VIP","สองล่าง","2025","2025-12-31","1628","-772","8.318005313713469","365","Top","41.66666666666667","5","-906","0"
"หุ้นสิงคโปร์ VIP","สองล่าง","2026","2026-08-21","-884","916","-7.565902088325915","230","Top","42.857142857142854","4","-940","3"
"หุ้นสิงคโปร์พิเศษ","สองบน","2024","2024-12-31","940","40","14.779874213836477","122","Top+Mid","75","2","-367","0"
"หุ้นสิงคโปร์พิเศษ","สองบน","2025","2025-12-31","369","669","1.9595348096224312","349","Bottom","33.33333333333333","8","-780","16"
"หุ้นสิงคโปร์พิเศษ","สองบน","2026","2026-09-12","-858","-658","-7.1751128951329655","231","Mid","37.5","2","-1261","24"
"หุ้นสิงคโปร์พิเศษ","สองล่าง","2024","2024-12-31","-930","-1030","-15.422885572139302","122","Top+Mid+Bottom","75","1","-930","0"
"หุ้นสิงคโปร์พิเศษ","สองล่าง","2025","2025-12-31","-141","-341","-0.822589113820664","349","Bottom","58.333333333333336","4","-750","16"
"หุ้นสิงคโปร์พิเศษ","สองล่าง","2026","2026-09-12","680","480","5.388272583201268","231","Top","87.5","1","-528","24"
"หุ้นอังกฤษ","สองบน","2024","2024-12-31","-844","-144","-6.096503900606761","253","Mid+Bottom","41.66666666666667","3","-1139","113"
"หุ้นอังกฤษ","สองบน","2025","2025-12-31","-589","211","-4.534606205250596","253","Top","50","6","-840","112"
"หุ้นอังกฤษ","สองบน","2026","2026-08-21","1020","20","12.623762376237623","156","Top","28.57142857142857","4","-283","77"
"หุ้นอังกฤษ","สองล่าง","2024","2024-12-31","-77","523","-0.5629889595671566","253","Bottom","33.33333333333333","6","-1033","113"
"หุ้นอังกฤษ","สองล่าง","2025","2025-12-31","-808","-108","-5.419908773812717","253","Mid","41.66666666666667","7","-1616","112"
"หุ้นอังกฤษ","สองล่าง","2026","2026-08-21","670","470","7.338444687842278","156","Mid","57.14285714285714","1","-373","77"
"หุ้นอังกฤษ VIP","สองบน","2024","2024-12-31","-704","-1004","-3.6281179138321997","366","Bottom","33.33333333333333","9","-1487","0"
"หุ้นอังกฤษ VIP","สองบน","2025","2025-12-31","132","32","0.7186411149825784","365","Bottom","41.66666666666667","4","-647","0"
"หุ้นอังกฤษ VIP","สองบน","2026","2026-09-11","1758","358","12.257704643703807","254","Top","50","2","-568","0"
"หุ้นอังกฤษ VIP","สองล่าง","2024","2024-12-31","368","168","1.9335855401429174","366","Mid+Bottom","41.66666666666667","9","-1203","0"
"หุ้นอังกฤษ VIP","สองล่าง","2025","2025-12-31","2363","2663","14.376102695139014","365","Bottom","58.333333333333336","3","-453","0"
"หุ้นอังกฤษ VIP","สองล่าง","2026","2026-09-11","-170","-370","-1.320901320901321","254","Mid","25","6","-800","0"
"หุ้นอังกฤษ VISA","สองบน","2025","2025-12-31","-177","-177","-6.373784659704718","61","Top","50","1","-442","5"
"หุ้นอังกฤษ VISA","สองบน","2026","2026-09-11","575","575","4.518664047151278","254","Mid","37.5","4","-555","0"
"หุ้นอังกฤษ VISA","สองล่าง","2025","2025-12-31","-836","64","-23.64253393665158","61","Top","50","1","-836","5"
"หุ้นอังกฤษ VISA","สองล่าง","2026","2026-09-11","-1777","-1577","-13.08831111438462","254","Top+Bottom","25","6","-2029","0"
"หุ้นอังกฤษพิเศษ","สองบน","2024","2024-12-31","280","380","4.046242774566474","122","Mid+Bottom","50","2","-678","0"
"หุ้นอังกฤษพิเศษ","สองบน","2025","2025-12-31","-659","-359","-3.7745575347958074","346","Top+Bottom","50","8","-1257","19"
"หุ้นอังกฤษพิเศษ","สองบน","2026","2026-09-11","-290","410","-2.2673964034401877","228","Top+Bottom","75","3","-652","26"
"หุ้นอังกฤษพิเศษ","สองล่าง","2024","2024-12-31","322","322","5.386416861826698","122","Top","100","0","-250","0"
"หุ้นอังกฤษพิเศษ","สองล่าง","2025","2025-12-31","13","813","0.06740291387981542","346","Top","75","2","-666","19"
"หุ้นอังกฤษพิเศษ","สองล่าง","2026","2026-09-11","-687","-387","-5.458012234845476","228","Top","37.5","5","-1383","26"
"หุ้นอินเดีย","สองบน","2024","2024-12-31","584","284","4.452577005184508","245","Top","83.33333333333334","4","-600","121"
"หุ้นอินเดีย","สองบน","2025","2025-12-31","-34","-34","-0.2457712881306925","248","Top","33.33333333333333","7","-817","117"
"หุ้นอินเดีย","สองบน","2026","2026-09-11","-1647","-1747","-19.26991926991927","159","Bottom","37.5","5","-1723","95"
"หุ้นอินเดีย","สองล่าง","2024","2024-12-31","714","1114","5.718404613166747","245","Mid","58.333333333333336","3","-576","121"
"หุ้นอินเดีย","สองล่าง","2025","2025-12-31","334","-66","2.575967916088231","248","Top","66.66666666666666","3","-463","117"
"หุ้นอินเดีย","สองล่าง","2026","2026-09-11","-273","127","-3.512157468159012","159","Mid+Bottom","50","5","-603","95"
"หุ้นอียิปต์","สองบน","2024","2024-12-31","432","-268","3.4101673508051786","244","Mid+Bottom","33.33333333333333","4","-608","122"
"หุ้นอียิปต์","สองบน","2025","2025-12-31","694","594","4.851111421781071","258","Top","50","3","-850","107"
"หุ้นอียิปต์","สองบน","2026","2026-09-10","217","117","2.195689567944956","169","Top","37.5","5","-934","84"
"หุ้นอียิปต์","สองล่าง","2024","2024-12-31","225","-275","1.7208413001912046","244","Mid+Bottom","33.33333333333333","8","-678","122"
"หุ้นอียิปต์","สองล่าง","2025","2025-12-31","323","723","2.5279799639978084","258","Bottom","66.66666666666666","6","-788","107"
"หุ้นอียิปต์","สองล่าง","2026","2026-09-10","241","-59","2.918028817048069","169","Mid","62.5","4","-561","84"
"หุ้นฮั่งเส็ง VISA เช้า","สองบน","2025","2025-12-31","-490","210","-14.454277286135694","61","Top+Mid","50","1","-675","9"
"หุ้นฮั่งเส็ง VISA เช้า","สองบน","2026","2026-09-12","-491","-291","-3.7795396813178352","255","Top","50","5","-1248","0"
"หุ้นฮั่งเส็ง VISA เช้า","สองล่าง","2025","2025-12-31","-328","72","-11.202185792349727","61","Top","100","0","-668","9"
"หุ้นฮั่งเส็ง VISA เช้า","สองล่าง","2026","2026-09-12","-368","-868","-2.508862830651759","255","Top+Bottom","50","4","-1232","0"
"หุ้นฮั่งเส็ง VISA บ่าย","สองบน","2025","2025-12-31","1","601","0.02778549597110308","61","Top","100","0","-355","9"
"หุ้นฮั่งเส็ง VISA บ่าย","สองบน","2026","2026-09-12","-751","649","-5.583228012787153","255","Top","50","3","-1525","0"
"หุ้นฮั่งเส็ง VISA บ่าย","สองล่าง","2025","2025-12-31","-170","230","-5.923344947735192","61","Top","100","0","-576","9"
"หุ้นฮั่งเส็ง VISA บ่าย","สองล่าง","2026","2026-09-12","-209","791","-1.411303936795192","255","Top+Mid","50","2","-1081","0"
"หุ้นฮั่งเส็งเช้า","สองบน","2024","2024-12-30","815","2115","6.475963448549861","244","Top","45.45454545454545","4","-497","121"
"หุ้นฮั่งเส็งเช้า","สองบน","2025","2025-12-31","-966","434","-6.867624058012228","246","Top","41.66666666666667","5","-1629","119"
"หุ้นฮั่งเส็งเช้า","สองบน","2026","2026-09-11","595","995","6.757524134014764","164","Top","37.5","3","-443","90"
"หุ้นฮั่งเส็งเช้า","สองล่าง","2024","2024-12-30","356","-744","2.907546553413917","244","Top","54.54545454545454","5","-866","121"
"หุ้นฮั่งเส็งเช้า","สองล่าง","2025","2025-12-31","-51","449","-0.39379198517488995","246","Top+Mid","41.66666666666667","6","-951","119"
"หุ้นฮั่งเส็งเช้า","สองล่าง","2026","2026-09-11","-206","-406","-2.3130473837862113","164","Mid","50","4","-654","90"
"หุ้นฮั่งเส็งเช้า VIP","สองบน","2024","2024-12-31","-1230","-1530","-6.5670048051254675","366","Bottom","58.333333333333336","3","-1640","0"
"หุ้นฮั่งเส็งเช้า VIP","สองบน","2025","2025-12-31","-220","180","-1.1446409989594173","365","Top+Bottom","33.33333333333333","4","-927","0"
"หุ้นฮั่งเส็งเช้า VIP","สองบน","2026","2026-09-11","-563","637","-4.213125795105889","254","Top","87.5","1","-1542","0"
"หุ้นฮั่งเส็งเช้า VIP","สองล่าง","2024","2024-12-31","-1619","-1219","-7.7393756871743395","366","Mid","58.333333333333336","8","-2104","0"
"หุ้นฮั่งเส็งเช้า VIP","สองล่าง","2025","2025-12-31","-402","-402","-2.2330852127541387","365","Mid+Bottom","25","7","-1470","0"
"หุ้นฮั่งเส็งเช้า VIP","สองล่าง","2026","2026-09-11","-474","2326","-3.230203080278043","254","Top+Mid","87.5","1","-816","0"
"หุ้นฮั่งเส็งบ่าย","สองบน","2024","2024-12-30","1157","857","9.607240720750644","243","Top+Bottom","45.45454545454545","3","-744","122"
"หุ้นฮั่งเส็งบ่าย","สองบน","2025","2025-12-31","-2237","163","-16.899599607161743","245","Bottom","33.33333333333333","9","-2367","120"
"หุ้นฮั่งเส็งบ่าย","สองบน","2026","2026-09-11","-392","608","-4.359430604982206","160","Top","37.5","6","-1069","94"
"หุ้นฮั่งเส็งบ่าย","สองล่าง","2024","2024-12-30","289","-411","2.328579485939892","243","Bottom","45.45454545454545","5","-617","122"
"หุ้นฮั่งเส็งบ่าย","สองล่าง","2025","2025-12-31","766","66","6.210475109453543","245","Bottom","41.66666666666667","6","-649","120"
"หุ้นฮั่งเส็งบ่าย","สองล่าง","2026","2026-09-11","954","254","12.316034082106894","160","Mid","37.5","4","-391","94"
"หุ้นฮั่งเส็งบ่าย VIP","สองบน","2024","2024-12-31","-267","-167","-1.2554662152630836","366","Top","50","4","-1061","0"
"หุ้นฮั่งเส็งบ่าย VIP","สองบน","2025","2025-12-31","-331","269","-1.8056843598276144","365","Top+Mid","41.66666666666667","7","-1324","0"
"หุ้นฮั่งเส็งบ่าย VIP","สองบน","2026","2026-09-12","15","2215","0.10649627263045794","255","Top","62.5","1","-1081","0"
"หุ้นฮั่งเส็งบ่าย VIP","สองล่าง","2024","2024-12-31","343","-57","1.7904682361538864","366","Top+Bottom","33.33333333333333","7","-636","0"
"หุ้นฮั่งเส็งบ่าย VIP","สองล่าง","2025","2025-12-31","1694","-106","8.425345667959814","365","Top+Mid+Bottom","41.66666666666667","4","-784","0"
"หุ้นฮั่งเส็งบ่าย VIP","สองล่าง","2026","2026-09-11","-188","12","-1.4042426053181953","254","Top","50","4","-759","0"
"หุ้นฮั่งเส็งพิเศษ เช้า","สองบน","2024","2024-12-31","-588","-88","-8.925318761384334","122","Top","75","1","-988","0"
"หุ้นฮั่งเส็งพิเศษ เช้า","สองบน","2025","2025-12-31","191","991","1.0547241703020598","351","Top","75","5","-1246","14"
"หุ้นฮั่งเส็งพิเศษ เช้า","สองบน","2026","2026-09-12","-90","110","-0.7765314926660914","231","Mid+Bottom","37.5","5","-481","24"
"หุ้นฮั่งเส็งพิเศษ เช้า","สองล่าง","2024","2024-12-31","117","517","1.675497637118717","122","Mid","100","0","-843","0"
"หุ้นฮั่งเส็งพิเศษ เช้า","สองล่าง","2025","2025-12-31","-663","-1063","-3.5335500719501143","351","Top+Mid","50","5","-893","14"
"หุ้นฮั่งเส็งพิเศษ เช้า","สองล่าง","2026","2026-09-12","679","1179","5.945188687505473","231","Top","25","4","-504","24"
"หุ้นฮั่งเส็งพิเศษ บ่าย","สองบน","2024","2024-12-31","-88","212","-1.3775829680651221","121","Top+Mid","50","2","-408","2"
"หุ้นฮั่งเส็งพิเศษ บ่าย","สองบน","2025","2025-12-31","-374","26","-2.2430130742473313","349","Top+Bottom","41.66666666666667","6","-891","16"
"หุ้นฮั่งเส็งพิเศษ บ่าย","สองบน","2026","2026-09-12","336","1336","2.514217300209518","231","Top+Mid","87.5","1","-677","24"
"หุ้นฮั่งเส็งพิเศษ บ่าย","สองล่าง","2024","2024-12-31","-340","560","-5.821917808219178","121","Top","100","0","-875","2"
"หุ้นฮั่งเส็งพิเศษ บ่าย","สองล่าง","2025","2025-12-31","776","1576","4.329390760990851","349","Top","100","0","-866","16"
"หุ้นฮั่งเส็งพิเศษ บ่าย","สองล่าง","2026","2026-09-12","397","497","3.100835741623057","231","Top+Mid","87.5","1","-976","24"