lottery,position,asOf,draws,wins,cost,profit,roi,baseProfit,randomProfit,maxDD,strictMonths,strictProfit,strictCost,strictDraws,strictRoi
"หวยเวียดนามปกติ ออนไลน์","สองบน","2026-09-12","952","613","48362","12938","26.75240891609115","10046","0","-402","6","966","9234","181","10.46133853151397"
"หวยเวียดนาม VIP ออนไลน์","สองล่าง","2026-09-12","943","584","47784","10616","22.21664155365813","7670","0","-831","8","2049","12251","242","16.725165292629175"
"หวยเวียดนามปกติ ออนไลน์","สองล่าง","2026-09-12","952","589","48343","10557","21.837701425232193","8003","0","-462","6","897","9203","181","9.74682168857981"
"หวยเวียดนาม VIP ออนไลน์","สองบน","2026-09-12","943","586","48246","10354","21.46084649504622","7862","0","-897","8","2697","12403","242","21.744739176005805"
"หุ้นฮั่งเส็งพิเศษ บ่าย","สองล่าง","2026-09-12","944","565","47835","8665","18.114351416326958","7101","0","-574","2","858","3142","61","27.307447485677912"
"หวยลาวทีวี","สองล่าง","2026-09-12","986","587","50451","8249","16.350518324711103","5187","0","-704","33","8249","50451","986","16.350518324711103"
"หุ้นฮั่งเส็งบ่าย VIP","สองบน","2026-09-30","1004","583","50789","7511","14.788635334422809","6687","0","-680","27","6198","41502","822","14.934220037588549"
"หวยฮานอย HD","สองบน","2026-09-12","986","573","49934","7366","14.751471942964715","6008","0","-1074","33","7366","49934","986","14.751471942964715"
"หวยฮานอยดึก","สองบน","2026-09-12","946","550","47787","7213","15.0940632389562","6753","0","-465","18","5236","26964","535","19.418483904465216"
"หวยลาวซุปเปอร์","สองบน","2026-09-12","985","565","49309","7191","14.583544586181022","8351","0","-681","19","5527","27873","560","19.829225415276433"
"หวยฮานอยพัฒนา","สองบน","2026-09-12","986","571","49977","7123","14.252556175840885","7164","0","-703","33","7123","49977","986","14.252556175840885"
"หวยฮานอย VIP","สองบน","2026-09-30","992","563","50012","6288","12.57298248420379","4244","0","-500","5","1060","6940","138","15.273775216138327"
"หุ้นดาวโจนส์พิเศษ","สองล่าง","2026-09-11","935","535","47504","5996","12.622094981475243","5267","0","-714","5","2148","7452","146","28.824476650563607"
"หวยลาวมั่งคั่ง","สองล่าง","2026-09-12","618","372","31351","5849","18.65650218493828","5741","0","-364","10","3239","14361","283","22.554139683866026"
"หวยลาวสตาร์ VIP","สองล่าง","2026-09-11","984","551","49543","5557","11.216518983509275","4168","0","-1503","23","2359","34041","680","6.929878675714579"
"หุ้นนิเคอิพิเศษ บ่าย","สองล่าง","2026-09-12","941","533","47749","5551","11.625374353389601","4408","0","-582","13","3326","19474","384","17.079182499743247"
"หุ้นนิเคอิพิเศษ บ่าย","สองบน","2026-09-12","941","530","47573","5427","11.407731276144032","4738","0","-433","13","2311","19489","384","11.857971163220277"
"หวยลาว VIP","สองบน","2026-09-29","1003","558","50388","5412","10.740652536318171","4980","0","-868","32","5724","48776","972","11.735279645727408"
"หวยฮานอย 4D","สองบน","2026-09-11","985","547","49299","5401","10.955597476622243","3467","0","-824","32","5613","47687","954","11.770503491517605"
"หวยลาวมงคล","สองล่าง","2026-09-12","620","365","31107","5393","17.336933809110487","5976","0","-432","20","5074","29526","589","17.18485402695929"
"หุ้นฮั่งเส็งพิเศษ บ่าย","สองบน","2026-09-12","944","529","47525","5375","11.309836927932668","4437","0","-1288","2","911","2989","61","30.47842087654734"
"หวยลาวสบายดี","สองล่าง","2026-09-12","620","367","31555","5145","16.304864522262715","5397","0","-612","20","5326","29974","589","17.76873290184827"
"หวยลาวไอยรา","สองล่าง","2026-09-11","650","379","32756","5144","15.703993161558188","4581","0","-911","21","4856","31144","619","15.592088363729772"
"หวยลาววังเวียง","สองบน","2026-09-11","959","534","48346","5054","10.453812104414016","4761","0","-529","19","2596","29004","572","8.950489587643084"
"หวยลาวก้าวหน้า","สองล่าง","2026-09-12","620","363","31488","4812","15.282012195121952","5870","0","-602","18","4233","26867","530","15.755387650277292"
"หวยลาวร่ำรวย","สองบน","2026-09-12","620","356","31097","4503","14.480496510917451","4547","0","-748","20","4115","29485","589","13.956248940139055"
"หวยฮานอย VISA","สองบน","2026-09-12","561","326","28224","4376","15.50453514739229","3278","0","-512","10","1067","14533","286","7.3419115117319205"
"หุ้นจีนพิเศษ เช้า","สองล่าง","2026-09-12","948","519","47613","4287","9.003843488122993","3502","0","-512","10","1163","14437","292","8.055690240354645"
"หวยลาวมั่นคง","สองล่าง","2026-09-12","620","358","31516","4284","13.593095570503872","5443","0","-578","20","3927","29873","589","13.145649917986141"
"หวยฮานอย 4D","สองล่าง","2026-09-11","985","537","49418","4282","8.664858958274312","3320","0","-660","32","4556","47744","954","9.542560321715818"
"หุ้นเยอรมันพิเศษ","สองล่าง","2026-09-11","940","516","47421","4179","8.812551401277915","5028","0","-546","16","3227","24373","484","13.240060722931112"
"หวยลาวนิยม","สองล่าง","2026-09-12","620","353","31244","4056","12.981692484957112","4701","0","-857","20","3975","29725","589","13.372582001682085"
"หุ้นฮั่งเส็ง VISA บ่าย","สองบน","2026-09-12","561","325","28528","3972","13.923163208076275","3041","0","-500","10","1021","14379","286","7.100632867376035"
"หวยลาวสบายดี","สองบน","2026-09-12","620","351","31231","3869","12.3883321059204","4861","0","-612","20","3319","29681","589","11.182237795222532"
"หวยลาวสันติภาพ","สองล่าง","2026-09-12","986","530","49167","3833","7.795879349970508","4658","0","-1383","33","3833","49167","986","7.795879349970508"
"หวยลาวร่ำรวย","สองล่าง","2026-09-12","620","353","31473","3827","12.159628888253424","4705","0","-756","20","3839","29861","589","12.85623388366096"
"หวยลาวเจริญ","สองบน","2026-09-12","620","349","31182","3718","11.923545635302418","2809","0","-715","20","3837","29663","589","12.93530661092944"
"หุ้นสิงคโปร์ VIP","สองล่าง","2026-08-21","961","522","48493","3707","7.6444022848658575","5184","0","-867","30","3390","45810","910","7.400130975769483"
"หวยประชาชนลาว","สองบน","2026-09-12","983","530","49294","3706","7.518156367914959","2684","0","-1512","22","3378","33522","668","10.076964381600142"
"หวยลาว VIP","สองล่าง","2026-09-10","984","533","49682","3618","7.282315526750131","1624","0","-1436","32","3192","48008","953","6.6488918513581075"
"หุ้นจีนบ่าย VIP","สองล่าง","2026-09-11","985","530","49414","3586","7.257052657141701","3941","0","-749","27","2823","40277","803","7.008962931697991"
"หวยลาวพัฒนาเที่ยง","สองบน","2026-09-12","606","342","30674","3526","11.49507726413249","2763","0","-560","6","1081","8519","169","12.689282779668975"
"หุ้นไต้หวัน VIP","สองบน","2026-09-11","985","529","49388","3512","7.111039118814287","5588","0","-1159","32","3686","47714","954","7.725195959257242"
"หวยลาววิลล่า","สองบน","2026-09-12","967","521","48630","3470","7.135513057783262","3147","0","-803","3","967","4533","90","21.332450915508495"
"หวยลาวพิเศษ","สองล่าง","2026-09-12","561","315","28049","3451","12.303468929373597","4272","0","-644","10","2575","14325","286","17.975567190226876"
"หวยยูโร","สองบน","2026-09-11","958","515","48181","3319","6.888607542392229","4219","0","-800","11","825","16675","336","4.94752623688156"
"หุ้นจีนพิเศษ เช้า","สองบน","2026-09-12","948","512","47929","3271","6.824678169792818","2210","0","-676","10","77","14723","292","0.5229912381987367"
"หุ้นดาวโจนส์ VISA","สองบน","2026-09-11","560","318","28558","3242","11.352335597730933","3009","0","-575","10","1559","14441","285","10.795651270687626"
"หุ้นเกาหลี VIP","สองล่าง","2026-09-11","985","530","49772","3228","6.485574218436069","3216","0","-1322","32","2571","48129","954","5.341893660786636"
"หุ้นจีนบ่าย VIP","สองบน","2026-09-11","985","528","49613","3187","6.423719589623687","3587","0","-1844","27","1900","40300","803","4.714640198511166"
"หุ้นอังกฤษ VISA","สองล่าง","2026-09-11","560","312","28021","3179","11.34506263159773","3413","0","-648","10","1200","14300","285","8.391608391608392"
"หุ้นฮั่งเส็งเช้า VIP","สองล่าง","2026-09-11","985","527","49560","3140","6.3357546408393866","3062","0","-1031","32","3252","47948","954","6.7823475431717695"
"หวยฮานอยทีวี","สองล่าง","2026-09-12","986","526","49485","3115","6.294836819238153","2229","0","-879","33","3115","49485","986","6.294836819238153"
"หุ้นอังกฤษ VISA","สองบน","2026-09-11","560","314","28358","3042","10.727131673601805","1469","0","-476","10","1769","14331","285","12.343869932314563"
"หุ้นนิเคอิ VISA บ่าย","สองล่าง","2026-09-12","561","314","28384","3016","10.625704622322434","3377","0","-570","10","1891","14509","286","13.03328968226618"
"หวยลาวกาชาด","สองล่าง","2026-09-11","985","525","49600","2900","5.846774193548387","1887","0","-1070","33","2900","49600","985","5.846774193548387"
"หุ้นฮั่งเส็งพิเศษ เช้า","สองบน","2026-09-12","948","508","47912","2888","6.027717482050425","3895","0","-920","10","788","14712","292","5.356171832517672"
"หุ้นฮั่งเส็ง VISA เช้า","สองล่าง","2026-09-12","561","313","28486","2814","9.878536825107071","3266","0","-1117","10","1007","14493","286","6.948181880908025"
"หวยลาว Extra","สองบน","2026-09-12","978","523","49535","2765","5.581911779549813","1958","0","-1177","15","2241","23159","454","9.67658361760007"
"หุ้นดาวโจนส์พิเศษ","สองบน","2026-09-11","935","503","47562","2738","5.756696522433876","2240","0","-1024","5","-206","7406","146","-2.7815284904131787"
"หวยลาวชนะ","สองล่าง","2025-05-21","267","165","13776","2724","19.77351916376307","2264","0","-483","0","0","0","0","0"
"หุ้นนิเคอิ VISA เช้า","สองล่าง","2026-09-12","561","308","28206","2594","9.196624831596115","2085","0","-561","10","1544","14456","286","10.680686220254564"
"หวยลาววังเวียง","สองล่าง","2026-09-11","959","511","48519","2581","5.319565531029082","3780","0","-1480","19","818","29082","572","2.81273640052266"
"หวยลาวรุ่งเรือง","สองล่าง","2026-09-11","981","517","49122","2578","5.248157648304222","4027","0","-1126","11","348","15952","315","2.181544633901705"
"หวยลาวมงคล","สองบน","2026-09-12","620","334","30897","2503","8.101110140143057","3701","0","-884","20","2684","29316","589","9.155410015008869"
"หวยฮานอยสตาร์","สองบน","2026-09-12","985","517","49240","2460","4.995938261575954","1925","0","-1078","23","1150","33950","681","3.3873343151693667"
"หวยฮานอย VIP","สองล่าง","2026-09-30","992","523","49846","2454","4.923163343096737","1874","0","-2423","5","-30","7030","138","-0.42674253200568996"
"หวยฮานอยดึก","สองล่าง","2026-09-12","946","500","47552","2448","5.148048452220727","-143","0","-712","18","1205","26995","535","4.463789590664938"
"หุ้นรัสเซียพิเศษ","สองบน","2026-09-11","944","498","47385","2415","5.096549540993985","2132","0","-1193","8","-423","11623","230","-3.6393357997074762"
"หุ้นฮั่งเส็ง VISA เช้า","สองบน","2026-09-12","561","305","28088","2412","8.58729706636286","2734","0","-763","10","1346","14154","286","9.509679242616928"
"หุ้นอังกฤษพิเศษ","สองบน","2026-09-11","940","496","47291","2309","4.882535789050771","1674","0","-1135","16","919","24281","485","3.784852353692187"
"หวยฮานอยพัฒนา","สองล่าง","2026-09-12","986","516","49306","2294","4.652577779580579","3859","0","-1072","33","2294","49306","986","4.652577779580579"
"หุ้นสิงคโปร์ VIP","สองบน","2026-08-21","961","509","48631","2269","4.665748185313894","2176","0","-1426","30","2243","45957","910","4.88064930260896"
"หุ้นเยอรมันพิเศษ","สองบน","2026-09-11","940","495","47246","2254","4.770774245438767","3442","0","-1448","16","703","24197","484","2.9053188411786586"
"หวยลาวเจริญ","สองล่าง","2026-09-12","620","333","31066","2234","7.191141440803451","3410","0","-723","20","2353","29547","589","7.963583443327579"
"หุ้นฮั่งเส็งพิเศษ เช้า","สองล่าง","2026-09-12","948","498","47572","2228","4.683427226099386","1327","0","-1189","10","-519","14419","292","-3.5994174353283865"
"หุ้นไต้หวันพิเศษ","สองล่าง","2026-09-12","948","498","47579","2221","4.668025809705963","2154","0","-1252","18","719","26781","535","2.684739180762481"
"หุ้นจีนพิเศษ บ่าย","สองล่าง","2026-09-12","946","499","47725","2175","4.557359874279728","3019","0","-985","3","319","4081","80","7.816711590296496"
"หุ้นไต้หวันพิเศษ","สองบน","2026-09-12","948","501","48005","2095","4.364128736589938","1479","0","-1138","18","311","26989","535","1.1523213160917412"
"หวยหลวงพระบาง VISA","สองล่าง","2026-09-12","561","304","28316","2084","7.359796581438056","1886","0","-517","10","1588","14412","286","11.018595614765474"
"หวยฮานอยสามัคคี","สองบน","2026-09-12","983","513","49226","2074","4.213220655751026","940","0","-942","13","1430","19770","396","7.233181588265047"
"หวยลาวนครหลวง","สองบน","2026-09-12","651","350","32938","2062","6.260246523771936","1585","0","-1010","21","1743","31357","620","5.5585674649998404"
"หวยลาวประตูชัย","สองล่าง","2026-09-12","986","515","49490","2010","4.061426550818347","2229","0","-921","32","2129","47971","955","4.438098017552272"
"หุ้นฮั่งเส็งเช้า","สองล่าง","2026-09-11","654","353","33299","2001","6.009189465149103","1850","0","-1182","0","0","0","0","0"
"หุ้นจีนบ่าย","สองบน","2026-08-21","632","343","32320","1980","6.126237623762377","1179","0","-872","0","0","0","0","0"
"หุ้นอังกฤษพิเศษ","สองล่าง","2026-09-11","940","499","47932","1968","4.105816573479095","2884","0","-1162","16","713","24587","485","2.8999064546304956"
"หวยฮานอยพิเศษ","สองบน","2026-09-30","962","499","47953","1947","4.060225637603486","1482","0","-1502","2","300","2600","52","11.538461538461538"
"หุ้นเกาหลี","สองล่าง","2026-08-21","634","341","32176","1924","5.979612133267032","3109","0","-736","0","0","0","0","0"
"หุ้นฮั่งเส็งบ่าย","สองบน","2026-09-11","648","348","32876","1924","5.852293466358438","1723","0","-904","0","0","0","0","0"
"หวยลาวรุ่งเรือง","สองบน","2026-09-11","981","512","49313","1887","3.826577170320199","2751","0","-973","11","1948","15752","315","12.366683595733875"
"หุ้นจีน VISA บ่าย","สองล่าง","2026-09-12","561","301","28227","1873","6.635490842101534","1859","0","-683","10","1038","14262","286","7.278081615481699"
"หุ้นจีน VISA บ่าย","สองบน","2026-09-12","561","304","28573","1827","6.394148321842298","736","0","-726","10","795","14605","286","5.443341321465252"
"หวยลาวพิเศษ","สองบน","2026-09-30","579","307","28887","1813","6.276179596358224","1714","0","-738","10","1423","15077","304","9.438217151953307"
"หวยลาวชนะ","สองบน","2025-05-21","267","153","13501","1799","13.324938893415302","1455","0","-457","0","0","0","0","0"
"หุ้นรัสเซีย VIP","สองบน","2026-09-11","982","510","49216","1784","3.6248374512353707","1360","0","-1353","14","881","21119","424","4.1715990340451725"
"หวยหลวงพระบาง VISA","สองบน","2026-09-12","561","301","28331","1769","6.244043627122234","1612","0","-1010","10","366","14334","286","2.5533696107157806"
"หวยลาวเช้า","สองล่าง","2026-09-12","488","264","24653","1747","7.0863586581754765","1828","0","-851","4","445","5255","104","8.468125594671742"
"หวยลาวพัฒนาเช้า VIP","สองล่าง","2026-09-12","637","342","32473","1727","5.31826440427432","951","0","-880","7","467","10033","200","4.654639689026213"
"หวยฮานอยอาเซียน","สองล่าง","2026-09-12","984","514","49680","1720","3.462157809983897","2396","0","-1274","12","-200","17400","345","-1.1494252873563218"
"หุ้นเยอรมัน VIP","สองบน","2026-09-11","985","513","49653","1647","3.317020119630234","1075","0","-1558","32","1490","48010","954","3.103520099979171"
"หวยลาวพัฒนาเช้า","สองล่าง","2026-09-12","984","514","49758","1642","3.2999718638208932","1836","0","-1233","22","1578","32722","650","4.822443615915898"
"หวยลาวสตาร์","สองบน","2026-09-12","985","514","49769","1631","3.27714038859531","899","0","-1005","23","863","34437","682","2.5060254958329704"
"หวยแม่โขงพลัส","สองล่าง","2026-06-23","235","134","11812","1588","13.443955299695226","1849","0","-384","7","1648","10252","205","16.07491221225127"
"หวยแม่โขงพัฒนา","สองล่าง","2026-06-23","235","133","11725","1575","13.432835820895523","2107","0","-599","2","823","2677","54","30.7433694434068"
"หุ้นรัสเซีย VISA","สองล่าง","2026-09-11","557","295","27948","1552","5.553170173178761","1722","0","-784","3","172","3628","73","4.740904079382579"
"หวยลาวอาเซียน","สองบน","2026-09-11","983","507","49178","1522","3.0948798243116844","574","0","-1290","16","521","24379","484","2.137085196275483"
"หุ้นดาวโจนส์","สองล่าง","2026-09-11","682","361","34611","1489","4.302100488284072","1677","0","-1206","0","0","0","0","0"
"หุ้นฮั่งเส็ง VISA บ่าย","สองล่าง","2026-09-12","561","298","28315","1485","5.244570015892636","2126","0","-775","10","990","14410","286","6.870229007633588"
"หวยประชาชนลาว","สองล่าง","2026-09-12","983","512","49750","1450","2.9145728643216082","551","0","-939","22","794","33706","668","2.355663680056963"
"หุ้นจีนพิเศษ บ่าย","สองบน","2026-09-12","946","490","47550","1450","3.0494216614090432","1009","0","-1765","3","829","3971","80","20.876353563334174"
"หวยแม่โขง VIP","สองล่าง","2026-06-23","235","132","11770","1430","12.149532710280374","1117","0","-359","2","354","2746","54","12.891478514202475"
"หวยแม่โขงไนท์","สองล่าง","2026-06-23","233","131","11677","1423","12.18634923353601","2097","0","-831","6","733","8567","172","8.556087311777752"
"หวยฮานอย HD","สองล่าง","2026-09-12","986","507","49337","1363","2.7626325070433952","-980","0","-1774","33","1363","49337","986","2.7626325070433952"
"หวยลาวพัฒนาเช้า","สองบน","2026-09-12","984","507","49339","1361","2.7584669328523077","981","0","-786","22","1324","32576","650","4.06434184675835"
"หุ้นเกาหลีพิเศษ","สองบน","2026-09-12","947","485","47141","1359","2.882840839184574","-491","0","-1042","18","1387","26713","535","5.192228502976079"
"หวยลาวมั่งคั่ง","สองบน","2026-09-12","618","327","31367","1333","4.249689163770842","1632","0","-1036","10","119","14281","283","0.8332749807436454"
"หวยฮานอย VISA","สองล่าง","2026-09-12","561","295","28177","1323","4.695318877098343","1816","0","-716","10","602","14398","286","4.18113626892624"
"หวยลาวสามัคคี VIP","สองบน","2026-09-11","985","511","49780","1320","2.6516673362796306","2863","0","-1880","33","1320","49780","985","2.6516673362796306"
"หวยลาวเช้า","สองบน","2026-09-12","488","260","24695","1305","5.2844705405952626","1207","0","-1148","4","1588","5212","104","30.46815042210284"
"หวยลาวสามัคคี","สองบน","2026-09-12","986","510","49700","1300","2.61569416498994","2314","0","-1734","33","1300","49700","986","2.61569416498994"
"หุ้นจีนเช้า VIP","สองล่าง","2026-09-11","985","507","49410","1290","2.610807528840316","1235","0","-1939","32","1033","47767","954","2.1625808612640527"
"หวยเวียงจันทน์ VISA","สองล่าง","2026-09-12","561","298","28512","1288","4.517396184062851","915","0","-2116","10","-1489","14489","286","-10.27676168127545"
"หุ้นเกาหลีพิเศษ","สองล่าง","2026-09-12","947","490","47738","1262","2.6435962964514643","625","0","-1101","18","774","26926","535","2.874545049394637"
"หุ้นจีนบ่าย","สองล่าง","2026-08-21","632","334","32146","1254","3.900951906924656","1113","0","-812","0","0","0","0","0"
"หุ้นรัสเซีย VIP","สองล่าง","2026-09-11","982","510","49751","1249","2.510502301461277","1921","0","-1133","14","1834","21766","424","8.425985481944318"
"หุ้นเกาหลี VIP","สองบน","2026-09-11","985","507","49458","1242","2.511221642605847","2023","0","-1227","32","1285","47815","954","2.6874411795461675"
"หุ้นจีน VISA เช้า","สองล่าง","2026-09-12","561","294","28164","1236","4.388581167447806","1291","0","-846","10","681","14319","286","4.755918709407082"
"หุ้นเยอรมัน VISA","สองบน","2026-09-11","560","296","28364","1236","4.357636440558455","1323","0","-800","10","593","14307","285","4.144824211924233"
"หวยแม่โขงพิเศษ","สองล่าง","2026-06-23","235","131","11877","1223","10.297213100951419","711","0","-400","0","0","0","0","0"
"หวยลาวมั่นคง","สองบน","2026-09-12","620","323","31093","1207","3.8819026790595954","2692","0","-844","20","826","29574","589","2.7929938459457633"
"หุ้นนิเคอิพิเศษ เช้า","สองบน","2026-09-12","945","488","47598","1202","2.525316189755872","359","0","-2126","18","1991","27009","535","7.371616868451257"
"หวยแม่โขงไนท์","สองบน","2026-06-23","233","130","11814","1186","10.038936854579312","369","0","-728","6","1667","8733","172","19.08851482881026"
"หุ้นดาวโจนส์ VISA","สองล่าง","2026-09-11","560","297","28516","1184","4.152054986674148","365","0","-802","10","1301","14399","285","9.035349677060907"
"หุ้นนิเคอิบ่าย VIP","สองบน","2026-09-11","985","510","49836","1164","2.335660967974958","868","0","-1505","32","807","48193","954","1.6745170460440315"
"หวยลาวพัฒนา","สองล่าง","2026-08-21","436","235","22366","1134","5.070195832960744","169","0","-656","0","0","0","0","0"
"หวยแม่โขง HD","สองล่าง","2026-06-23","235","132","12074","1126","9.325824084810336","1092","0","-509","7","956","10544","205","9.066767830045523"
"หวยลาวพรีเมี่ยม","สองล่าง","2026-03-27","85","54","4278","1122","26.227208976157083","1176","0","-260","0","0","0","0","0"
"หวยลาวพลัส","สองบน","2026-08-19","260","142","13120","1080","8.231707317073171","1026","0","-426","0","0","0","0","0"
"หวยลาวประตูชัย","สองบน","2026-09-12","986","503","49223","1077","2.1880015439936615","1733","0","-1782","32","1096","47704","955","2.297501257756163"
"หุ้นอินเดีย","สองบน","2026-09-11","652","340","32937","1063","3.227373470565018","153","0","-876","0","0","0","0","0"
"หวยยูโร","สองล่าง","2026-09-11","958","494","48339","1061","2.1949150789217815","2219","0","-1182","11","-261","16861","336","-1.547950892592373"
"หวยฮ่องกง VISA","สองบน","2026-09-12","561","293","28265","1035","3.6617725101715903","1070","0","-1496","10","576","14424","286","3.9933444259567388"
"หวยแม่โขง HD","สองบน","2026-06-23","235","128","11771","1029","8.741823124628324","979","0","-685","7","1059","10241","205","10.340787032516356"
"หวยลาวพิเศษรอบเที่ยง","สองล่าง","2026-09-12","756","388","37775","1025","2.71343481138319","1410","0","-1208","0","0","0","0","0"
"หวยลาวนิยม","สองบน","2026-09-12","620","320","30983","1017","3.282445211890392","893","0","-689","20","929","29371","589","3.1629838956794116"
"หวยแม่โขงปกติ","สองล่าง","2026-06-23","235","128","11793","1007","8.538963792080047","1710","0","-433","4","397","5703","115","6.961248465719796"
"หวยลาวสันติภาพ","สองบน","2026-09-12","986","505","49498","1002","2.024324215119803","789","0","-1253","33","1002","49498","986","2.024324215119803"
"หวยลาวพิเศษรอบเที่ยง","สองบน","2026-09-12","756","389","37936","964","2.541121889498102","1118","0","-1288","0","0","0","0","0"
"หวยลาวพรีเมี่ยม","สองบน","2026-03-27","85","54","4446","954","21.45748987854251","508","0","-272","0","0","0","0","0"
"หุ้นเยอรมัน","สองล่าง","2026-09-11","677","353","34361","939","2.732749337912168","268","0","-1218","0","0","0","0","0"
"หุ้นเวียดนามพิเศษ เช้า","สองบน","2026-08-25","930","478","46877","923","1.968982656739979","1112","0","-1616","18","1469","26931","535","5.454680479744532"
"หวยลาวพัฒนาเที่ยง","สองล่าง","2026-09-12","606","312","30296","904","2.9838922630050173","438","0","-826","6","-163","8363","169","-1.9490613416238194"
"หุ้นจีนเช้า VIP","สองบน","2026-09-11","985","502","49313","887","1.798714334962383","1571","0","-1342","32","661","47639","954","1.3875186296941582"
"หวยแม่โขงเมก้า","สองบน","2026-06-23","235","126","11742","858","7.307102708226878","619","0","-569","7","858","10242","205","8.37727006444054"
"หวยสาละวัน VISA","สองล่าง","2026-09-12","561","293","28448","852","2.9949381327334086","113","0","-1285","10","-883","14483","286","-6.096803148518953"
"หุ้นฮั่งเส็งเช้า VIP","สองบน","2026-09-11","985","504","49573","827","1.6682468279103544","1280","0","-2024","32","801","47899","954","1.6722687321238439"
"หุ้นเวียดนามพิเศษ บ่าย","สองล่าง","2026-08-24","926","477","46887","813","1.7339561072365475","-66","0","-869","13","525","19475","384","2.6957637997432604"
"หวยแม่โขง VIP","สองบน","2026-06-23","235","126","11849","751","6.338087602329311","370","0","-564","2","461","2739","54","16.830960204454183"
"หุ้นนิเคอิเช้า","สองล่าง","2026-09-11","652","337","32970","730","2.2141340612678193","505","0","-1056","0","0","0","0","0"
"หุ้นฮั่งเส็งบ่าย VIP","สองล่าง","2026-09-11","985","504","49685","715","1.4390661165341652","-467","0","-1329","27","-240","40340","803","-0.5949429846306395"
"หุ้นรัสเซีย VISA","สองบน","2026-09-11","557","289","28213","687","2.435047673058519","741","0","-2038","3","459","3641","73","12.606426805822576"
"หวยแม่โขงพัฒนา","สองบน","2026-06-23","235","124","11717","683","5.829137151147905","-622","0","-505","2","62","2638","54","2.350265352539803"
"หวยฮานอยสตาร์","สองล่าง","2026-09-12","985","503","49641","659","1.3275316774440482","-916","0","-1017","23","575","34325","681","1.6751638747268753"
"หุ้นนิเคอิเช้า","สองบน","2026-09-11","652","334","32768","632","1.9287109375","789","0","-1424","0","0","0","0","0"
"หวยลาวสตาร์ VIP","สองบน","2026-09-11","984","501","49495","605","1.2223456914839883","1122","0","-1989","23","-76","34176","680","-0.22237827715355804"
"หุ้นดาวโจนส์ VIP พิเศษ","สองบน","2025-12-02","287","149","14317","583","4.072082140113152","738","0","-635","0","0","0","0","0"
"หวยลาวก้าวหน้า","สองบน","2026-09-12","620","316","31022","578","1.863193862420218","431","0","-1116","18","34","26466","530","0.12846671200785914"
"หุ้นดาวโจนส์สตาร์","สองบน","2026-09-11","983","504","49823","577","1.1580996728418602","397","0","-1518","16","567","23833","467","2.379054252507028"
"หวยลาวพัฒนา","สองบน","2026-08-21","436","228","22228","572","2.573330933957171","468","0","-768","0","0","0","0","0"
"หวยฮานอยสามัคคี","สองล่าง","2026-09-12","983","501","49540","560","1.1303996770286637","-1346","0","-2474","13","1794","19806","396","9.057861254165404"
"หุ้นดาวโจนส์ VIP พิเศษ","สองล่าง","2025-12-02","287","152","14640","560","3.825136612021858","1265","0","-666","0","0","0","0","0"
"หุ้นดาวโจนส์สตาร์","สองล่าง","2026-09-11","983","500","49450","550","1.1122345803842264","-126","0","-2275","16","-1728","23228","467","-7.43929739969003"
"หุ้นสิงคโปร์พิเศษ","สองล่าง","2026-09-12","946","480","47461","539","1.1356692863614337","2361","0","-1363","18","66","26534","535","0.2487374689078164"
"หวยฮานอยเช้า","สองบน","2026-09-12","985","499","49363","537","1.0878593278366389","-1129","0","-1393","24","604","36496","730","1.6549758877685223"
"หุ้นนิเคอิ เช้า VIP","สองบน","2026-06-24","906","464","45873","527","1.1488239269286944","1083","0","-1378","29","270","44230","875","0.6104453990504183"
"หวยลาว VISA","สองล่าง","2026-09-12","561","285","28015","485","1.731215420310548","126","0","-740","10","-328","14228","286","-2.3053134664042734"
"หุ้นนิเคอิ เช้า VIP","สองล่าง","2026-06-24","906","461","45640","460","1.0078878177037687","1713","0","-1719","29","303","43997","875","0.6886833193172262"
"หวยแม่โขงโกลด์","สองบน","2026-06-23","233","121","11646","454","3.898334191997252","629","0","-676","7","424","10176","203","4.166666666666666"
"หวยธกส","สองบน","2026-08-16","33","22","1768","432","24.43438914027149","303","0","-115","0","0","0","0","0"
"หุ้นนิเคอิบ่าย","สองล่าง","2026-09-11","650","331","32706","394","1.2046719256405551","514","0","-1053","0","0","0","0","0"
"หุ้นรัสเซีย","สองบน","2026-09-11","679","352","34825","375","1.0768126346015794","1522","0","-1211","0","0","0","0","0"
"หวยแม่โขงโกลด์","สองล่าง","2026-06-23","233","120","11631","369","3.17255610007738","1361","0","-1094","7","329","10071","203","3.2668056796743126"
"หุ้นนิเคอิ VISA บ่าย","สองบน","2026-09-12","561","284","28042","358","1.2766564439055703","845","0","-810","10","634","14166","286","4.475504729634336"
"หวยลาววิลล่า","สองล่าง","2026-09-12","967","484","48047","353","0.7346972755843237","478","0","-1629","3","-561","4561","90","-12.299934224950668"
"หวยฮานอยอาเซียน","สองบน","2026-09-12","984","497","49375","325","0.6582278481012658","1214","0","-1522","12","-2","17302","345","-0.011559357299734134"
"หุ้นจีน VISA เช้า","สองบน","2026-09-12","561","287","28432","268","0.9425998874507596","-450","0","-1033","10","-47","14347","286","-0.32759461908412907"
"หุ้นดาวโจนส์","สองบน","2026-09-11","682","351","34835","265","0.7607291517152289","652","0","-1529","0","0","0","0","0"
"หวยลาวสามัคคี VIP","สองล่าง","2026-09-11","985","496","49338","262","0.5310308484332563","-537","0","-2200","33","262","49338","985","0.5310308484332563"
"หุ้นนิเคอิบ่าย","สองบน","2026-09-11","650","334","33140","260","0.7845503922751962","-187","0","-1564","0","0","0","0","0"
"หวยลาวนครหลวง","สองล่าง","2026-09-12","651","329","32652","248","0.759524684552248","834","0","-1373","21","-209","31009","620","-0.6739978715856687"
"หุ้นไทยช่อง9","สองบน","2026-09-11","653","336","33381","219","0.6560618315808394","-398","0","-1570","0","0","0","0","0"
"หวยลาวสามัคคี","สองล่าง","2026-09-12","986","495","49283","217","0.44031410425501694","1159","0","-3020","33","217","49283","986","0.44031410425501694"
"หวยลาว HD","สองบน","2026-09-12","984","495","49287","213","0.4321626392354982","317","0","-2077","16","-289","23889","482","-1.2097618150613254"
"หวยฮานอยดานัง","สองล่าง","2025-12-02","683","346","34418","182","0.5287930733918298","-505","0","-1721","10","634","15166","302","4.180403534221284"
"หวยแม่โขงสตาร์","สองบน","2026-06-23","235","120","11819","181","1.5314324392926644","639","0","-711","7","311","10289","205","3.0226455437846242"
"หุ้นเวียดนามพิเศษ เช้า","สองล่าง","2026-08-25","930","469","46724","176","0.3766800787603801","281","0","-2368","18","-1206","26606","535","-4.532812147635871"
"หุ้นเวียดนามพิเศษ บ่าย","สองบน","2026-08-24","926","466","46425","175","0.3769520732364028","474","0","-2159","13","-1105","19105","384","-5.783826223501701"
"หวยลาวไอยรา","สองบน","2026-09-11","650","328","32656","144","0.44096031357177856","2467","0","-1144","21","256","31044","619","0.8246360005153975"
"หุ้นรัสเซีย","สองล่าง","2026-09-11","679","346","34459","141","0.4091819263472533","-12","0","-1730","0","0","0","0","0"
"หวยฮานอยกาชาด","สองบน","2026-09-12","986","494","49263","137","0.2780991819418225","530","0","-1495","33","137","49263","986","0.2780991819418225"
"หวยแม่โขงทูเดย์","สองล่าง","2026-06-23","235","120","11883","117","0.9845998485231002","423","0","-834","7","117","10383","205","1.1268419531927187"
"หวยพม่า","สองบน","2025-11-06","6","4","312","88","28.205128205128204","16","0","-52","0","0","0","0","0"
"หวยพม่า","สองล่าง","2025-11-06","6","4","312","88","28.205128205128204","210","0","-52","0","0","0","0","0"
"หุ้นไทยช่อง9","สองล่าง","2026-09-11","653","330","32958","42","0.12743491716730385","-296","0","-1638","0","0","0","0","0"
"หวยธกส","สองล่าง","2026-08-16","33","18","1772","28","1.580135440180587","-101","0","-182","0","0","0","0","0"
"หุ้นดาวโจนส์ Extra","สองบน","2026-09-12","0","0","0","0","0","0","0","0","0","0","0","0","0"
"หุ้นดาวโจนส์ Extra","สองล่าง","2026-09-12","0","0","0","0","0","0","0","0","0","0","0","0","0"
"หุ้นนิเคอิบ่าย VIP","สองล่าง","2026-09-11","985","492","49221","-21","-0.04266471627963674","-174","0","-1940","32","-347","47547","954","-0.7298041937451364"
"หวยลาวพลัส","สองล่าง","2026-08-19","260","130","13023","-23","-0.17661061199416417","-261","0","-1153","0","0","0","0","0"
"หวยแม่โขงสตาร์","สองล่าง","2026-06-23","235","117","11735","-35","-0.2982530890498509","-43","0","-719","7","-165","10265","205","-1.607403799318071"
"หวยแม่โขงพลัส","สองบน","2026-06-23","235","118","11843","-43","-0.3630836781220974","-317","0","-1236","7","-313","10313","205","-3.035004363424804"
"หวยฮานอยเฉพาะกิจ","สองล่าง","2026-09-12","954","469","46957","-57","-0.12138765253316863","903","0","-1559","1","-172","1372","28","-12.536443148688047"
"หวยออมสิน","สองล่าง","2026-08-16","60","31","3201","-101","-3.1552639800062483","119","0","-275","0","0","0","0","0"
"หวยเวียงจันทน์ VISA","สองบน","2026-09-12","561","280","28114","-114","-0.4054919257309526","35","0","-1463","10","187","14213","286","1.3156968972067826"
"หุ้นจีนเช้า","สองล่าง","2026-08-21","636","322","32336","-136","-0.4205838693715982","-348","0","-931","0","0","0","0","0"
"หวยลาวตอนเช้า","สองล่าง","2026-09-12","545","270","27140","-140","-0.5158437730287398","-652","0","-1110","2","372","2428","49","15.32125205930807"
"หวยฮานอย Extra","สองบน","2026-09-11","985","495","49681","-181","-0.36432438960568425","75","0","-2583","33","-181","49681","985","-0.36432438960568425"
"หุ้นอังกฤษ VIP","สองล่าง","2026-09-11","985","490","49191","-191","-0.3882824093838304","140","0","-2540","32","-579","47579","954","-1.2169234326068223"
"หวยออมสิน","สองบน","2026-08-16","60","30","3206","-206","-6.4254522769806615","114","0","-312","0","0","0","0","0"
"หุ้นเกาหลี","สองบน","2026-08-21","634","319","32113","-213","-0.6632827826736836","-341","0","-1128","0","0","0","0","0"
"หุ้นสิงคโปร์","สองบน","2026-09-11","661","334","33621","-221","-0.6573272656970346","1605","0","-1265","0","0","0","0","0"
"หวยลาว VISA","สองบน","2026-09-12","561","282","28435","-235","-0.8264462809917356","-351","0","-1200","10","653","14347","286","4.551474175785879"
"หุ้นไต้หวัน","สองบน","2026-09-11","644","325","32740","-240","-0.7330482590103848","-1285","0","-1216","0","0","0","0","0"
"หวยแม่โขงปกติ","สองบน","2026-06-23","235","117","11950","-250","-2.092050209205021","-254","0","-806","4","-202","5802","115","-3.4815580834195106"
"หุ้นอังกฤษ","สองล่าง","2026-08-21","662","331","33386","-286","-0.8566464985323189","-453","0","-2066","0","0","0","0","0"
"หวยฮานอย Extra","สองล่าง","2026-09-11","985","490","49332","-332","-0.6729911619232952","-1664","0","-1860","33","-332","49332","985","-0.6729911619232952"
"หุ้นเยอรมัน VIP","สองล่าง","2026-09-11","985","491","49447","-347","-0.7017614819908184","781","0","-1896","32","-604","47804","954","-1.2634925947619446"
"หุ้นสิงคโปร์พิเศษ","สองบน","2026-09-12","946","468","47154","-354","-0.7507316452474869","-148","0","-1550","18","-95","26595","535","-0.35721000188005264"
"หวยฮานอยดานัง","สองบน","2025-12-02","683","345","34869","-369","-1.058246580056784","-505","0","-1897","10","-733","15333","302","-4.7805387073632035"
"หวยแม่โขงพิเศษ","สองบน","2026-06-23","235","115","11923","-423","-3.547764824289189","15","0","-902","0","0","0","0","0"
"หุ้นสิงคโปร์","สองล่าง","2026-09-11","661","331","33606","-506","-1.5056835088972207","-1357","0","-1304","0","0","0","0","0"
"หวยฮานอยทีวี","สองบน","2026-09-12","986","488","49307","-507","-1.0282515667146652","-1197","0","-2977","33","-507","49307","986","-1.0282515667146652"
"หุ้นจีนเช้า","สองบน","2026-08-21","636","318","32329","-529","-1.6363017724024869","1157","0","-2384","0","0","0","0","0"
"หวยมาเลย์","สองล่าง","2026-09-12","432","217","22231","-531","-2.388556520174531","-1116","0","-1929","0","0","0","0","0"
"หวยแม่โขงทูเดย์","สองบน","2026-06-23","235","110","11545","-545","-4.7206582936336074","67","0","-1040","7","-145","10045","205","-1.443504230960677"
"หวยลาวอาเซียน","สองล่าง","2026-09-11","983","491","49645","-545","-1.09779433981267","-2093","0","-2005","16","752","24748","484","3.038629384192662"
"หุ้นรัสเซียพิเศษ","สองล่าง","2026-09-11","944","471","47658","-558","-1.1708422510386503","367","0","-2085","8","-147","11447","230","-1.2841792609417315"
"หุ้นดาวโจนส์ VIP","สองล่าง","2026-09-11","982","491","49667","-567","-1.1416030764894196","-1391","0","-2634","19","-1222","28022","560","-4.360859324816216"
"หวยลาว Extra","สองล่าง","2026-09-12","978","484","49008","-608","-1.2406137773424748","-860","0","-1688","15","30","22670","454","0.13233348037053375"
"หวยสาละวัน VISA","สองบน","2026-09-12","561","275","28130","-630","-2.239601848560256","-385","0","-2103","10","410","14290","286","2.8691392582225332"
"หวยฮานอยปกติ","สองบน","2026-09-12","930","459","46587","-687","-1.4746603129628437","944","0","-2299","3","42","4158","83","1.0101010101010102"
"หุ้นอียิปต์","สองล่าง","2026-09-10","671","332","33939","-739","-2.17743598809629","-756","0","-2329","0","0","0","0","0"
"หวยแม่โขงเมก้า","สองล่าง","2026-06-23","235","109","11647","-747","-6.413668755902807","313","0","-1337","7","-547","10147","205","-5.390755888439934"
"หวยลาวตอนเช้า","สองบน","2026-09-12","545","267","27523","-823","-2.9902263561385025","-542","0","-1402","2","-669","2469","49","-27.095990279465372"
"หวยลาวซุปเปอร์","สองล่าง","2026-09-12","985","484","49269","-869","-1.7637865594998883","-1682","0","-1777","19","-132","27932","560","-0.4725762566232279"
"หวยฮ่องกง VISA","สองล่าง","2026-09-12","561","274","28301","-901","-3.1836330871700644","-1049","0","-1732","10","-958","14458","286","-6.626089362290773"
"หวยลาวทีวี","สองบน","2026-09-12","986","487","49606","-906","-1.826391968713462","-1709","0","-2183","33","-906","49606","986","-1.826391968713462"
"หุ้นนิเคอิพิเศษ เช้า","สองล่าง","2026-09-12","945","470","47910","-910","-1.8993946983928196","-1673","0","-2658","18","-1274","27174","535","-4.688304997424008"
"หุ้นฮั่งเส็งเช้า","สองบน","2026-09-11","654","324","33313","-913","-2.7406718098039806","-485","0","-1527","0","0","0","0","0"
"หวยลาวสตาร์","สองล่าง","2026-09-12","985","486","49562","-962","-1.9410031879262337","-423","0","-2578","23","74","34326","682","0.21558002680184116"
"หวยลาวพัฒนาเช้า VIP","สองบน","2026-09-12","637","310","32055","-1055","-3.2912182186866326","79","0","-2916","7","821","10079","200","8.14564936997718"
"หุ้นนิเคอิ VISA เช้า","สองบน","2026-09-12","561","272","28293","-1093","-3.8631463612907786","-878","0","-2484","10","-1786","14386","286","-12.414847768663979"
"หุ้นอังกฤษ","สองบน","2026-08-21","662","324","33499","-1099","-3.2806949461177943","-1810","0","-1445","0","0","0","0","0"
"หวยฮานอยเฉพาะกิจ","สองบน","2026-09-12","954","457","46809","-1109","-2.369202503792006","-367","0","-1989","1","72","1428","28","5.042016806722689"
"หวยลาว HD","สองล่าง","2026-09-12","984","484","49562","-1162","-2.3445381542310644","-2422","0","-2575","16","-342","24342","482","-1.4049790485580478"
"หวยฮานอยพิเศษ","สองล่าง","2026-09-30","992","490","50178","-1178","-2.347642393080633","-904","0","-3453","5","17","6983","138","0.24344837462408705"
"หวยฮานอยปกติ","สองล่าง","2026-09-12","974","473","48481","-1181","-2.4360058579649757","-1180","0","-2066","6","-814","8414","169","-9.674352270026148"
"หุ้นไต้หวัน VIP","สองล่าง","2026-09-11","985","481","49293","-1193","-2.420221938206236","-285","0","-2903","32","-1481","47681","954","-3.1060590172185987"
"หุ้นเยอรมัน VISA","สองล่าง","2026-09-11","560","268","28055","-1255","-4.4733559080377825","-1051","0","-1873","10","-849","14149","285","-6.000424058237331"
"หุ้นอียิปต์","สองบน","2026-09-10","671","327","33994","-1294","-3.8065540977819614","254","0","-1949","0","0","0","0","0"
"หุ้นดาวโจนส์ VIP","สองบน","2026-09-11","982","482","49507","-1307","-2.6400307027289074","-441","0","-2257","19","-1769","28169","560","-6.27995313997657"
"หวยลาวกาชาด","สองบน","2026-09-11","985","480","49371","-1371","-2.7769338275505864","-2761","0","-2342","33","-1371","49371","985","-2.7769338275505864"
"หวยฮานอยเช้า","สองล่าง","2026-09-12","985","479","49531","-1631","-3.2928872827118374","-2596","0","-2706","24","-1583","36683","730","-4.315350434806313"
"หุ้นอังกฤษ VIP","สองบน","2026-09-11","985","481","49731","-1631","-3.279644487341899","-1964","0","-3048","32","-1788","48088","954","-3.7181833305606387"
"หวยฮานอยกาชาด","สองล่าง","2026-09-12","986","478","49546","-1746","-3.5239979009405396","-1924","0","-3532","33","-1746","49546","986","-3.5239979009405396"
"หุ้นเยอรมัน","สองบน","2026-09-11","677","324","34155","-1755","-5.138339920948617","-1445","0","-2677","0","0","0","0","0"
"หุ้นฮั่งเส็งบ่าย","สองล่าง","2026-09-11","648","306","32549","-1949","-5.987895173430827","-1474","0","-2777","0","0","0","0","0"
"หุ้นอินเดีย","สองล่าง","2026-09-11","652","308","33022","-2222","-6.7288474350433045","-905","0","-2599","0","0","0","0","0"
"หวยมาเลย์","สองบน","2026-09-12","435","199","22355","-2455","-10.981883247595617","-2383","0","-2871","0","0","0","0","0"
"หุ้นไต้หวัน","สองล่าง","2026-09-11","644","301","32789","-2689","-8.200921040592881","-3377","0","-2748","0","0","0","0","0"